-- Seed data from Vinam-MES MySQL -- 8 jobs
-- Generated: 2026-05-21 22:00

BEGIN;

-- PARTS
INSERT INTO parts (id,part_number,description,created_at,created_by) VALUES (100,'002H0C2265700','SEAL RETAINER BMS-A098',NOW(),1) ON CONFLICT (part_number) DO NOTHING;
INSERT INTO part_revs (id,part_id,rev_code,is_active,is_released,created_at,created_by) VALUES (100,100,'0',true,true,NOW(),1) ON CONFLICT (part_id,rev_code) DO NOTHING;
INSERT INTO routings (id,part_rev_id,name,is_active,created_at,created_by) VALUES (100,100,'Standard Routing',true,NOW(),1);
INSERT INTO routing_revs (id,routing_id,rev_code,is_active,is_released,created_at,created_by) VALUES (100,100,'002',true,true,NOW(),1) ON CONFLICT (routing_id,rev_code) DO NOTHING;
INSERT INTO parts (id,part_number,description,created_at,created_by) VALUES (101,'002H090233000','SLIP BMS-L113',NOW(),1) ON CONFLICT (part_number) DO NOTHING;
INSERT INTO part_revs (id,part_id,rev_code,is_active,is_released,created_at,created_by) VALUES (101,101,'A05',true,true,NOW(),1) ON CONFLICT (part_id,rev_code) DO NOTHING;
INSERT INTO routings (id,part_rev_id,name,is_active,created_at,created_by) VALUES (101,101,'Standard Routing',true,NOW(),1);
INSERT INTO routing_revs (id,routing_id,rev_code,is_active,is_released,created_at,created_by) VALUES (101,101,'001',true,true,NOW(),1) ON CONFLICT (routing_id,rev_code) DO NOTHING;
INSERT INTO parts (id,part_number,description,created_at,created_by) VALUES (102,'003717287','UP-STOP, PISTON, .501 ASSY.',NOW(),1) ON CONFLICT (part_number) DO NOTHING;
INSERT INTO part_revs (id,part_id,rev_code,is_active,is_released,created_at,created_by) VALUES (102,102,'B.16',true,true,NOW(),1) ON CONFLICT (part_id,rev_code) DO NOTHING;
INSERT INTO routings (id,part_rev_id,name,is_active,created_at,created_by) VALUES (102,102,'Standard Routing',true,NOW(),1);
INSERT INTO routing_revs (id,routing_id,rev_code,is_active,is_released,created_at,created_by) VALUES (102,102,'001',true,true,NOW(),1) ON CONFLICT (routing_id,rev_code) DO NOTHING;
INSERT INTO parts (id,part_number,description,created_at,created_by) VALUES (103,'002H061671800','SPACER BMS-L106',NOW(),1) ON CONFLICT (part_number) DO NOTHING;
INSERT INTO part_revs (id,part_id,rev_code,is_active,is_released,created_at,created_by) VALUES (103,103,'E6',true,true,NOW(),1) ON CONFLICT (part_id,rev_code) DO NOTHING;
INSERT INTO routings (id,part_rev_id,name,is_active,created_at,created_by) VALUES (103,103,'Standard Routing',true,NOW(),1);
INSERT INTO routing_revs (id,routing_id,rev_code,is_active,is_released,created_at,created_by) VALUES (103,103,'001',true,true,NOW(),1) ON CONFLICT (routing_id,rev_code) DO NOTHING;
INSERT INTO parts (id,part_number,description,created_at,created_by) VALUES (104,'002H078008039','SPLIT LOCK RING BMS-L106',NOW(),1) ON CONFLICT (part_number) DO NOTHING;
INSERT INTO part_revs (id,part_id,rev_code,is_active,is_released,created_at,created_by) VALUES (104,104,'NONE',true,true,NOW(),1) ON CONFLICT (part_id,rev_code) DO NOTHING;
INSERT INTO routings (id,part_rev_id,name,is_active,created_at,created_by) VALUES (104,104,'Standard Routing',true,NOW(),1);
INSERT INTO routing_revs (id,routing_id,rev_code,is_active,is_released,created_at,created_by) VALUES (104,104,'001',true,true,NOW(),1) ON CONFLICT (routing_id,rev_code) DO NOTHING;
INSERT INTO parts (id,part_number,description,created_at,created_by) VALUES (105,'00210155402','RING,SHOULDER-STAB (8.25 CCN T2)',NOW(),1) ON CONFLICT (part_number) DO NOTHING;
INSERT INTO part_revs (id,part_id,rev_code,is_active,is_released,created_at,created_by) VALUES (105,105,'E',true,true,NOW(),1) ON CONFLICT (part_id,rev_code) DO NOTHING;
INSERT INTO routings (id,part_rev_id,name,is_active,created_at,created_by) VALUES (105,105,'Standard Routing',true,NOW(),1);
INSERT INTO routing_revs (id,routing_id,rev_code,is_active,is_released,created_at,created_by) VALUES (105,105,'001',true,true,NOW(),1) ON CONFLICT (routing_id,rev_code) DO NOTHING;
INSERT INTO parts (id,part_number,description,created_at,created_by) VALUES (106,'002H093000737','002H093000737',NOW(),1) ON CONFLICT (part_number) DO NOTHING;
INSERT INTO part_revs (id,part_id,rev_code,is_active,is_released,created_at,created_by) VALUES (106,106,'B05',true,true,NOW(),1) ON CONFLICT (part_id,rev_code) DO NOTHING;
INSERT INTO routings (id,part_rev_id,name,is_active,created_at,created_by) VALUES (106,106,'Standard Routing',true,NOW(),1);
INSERT INTO routing_revs (id,routing_id,rev_code,is_active,is_released,created_at,created_by) VALUES (106,106,'002',true,true,NOW(),1) ON CONFLICT (routing_id,rev_code) DO NOTHING;

-- TEMPLATE OPS
INSERT INTO part_ops (id,routing_rev_id,job_id,for_job_only,op_number,op_number_sort,description,setup_time,prod_time,is_visible,is_complete,created_at,created_by) VALUES (1000,104,NULL,false,'10',10.0000,NULL,NULL,NULL,true,false,NOW(),1);
INSERT INTO part_ops (id,routing_rev_id,job_id,for_job_only,op_number,op_number_sort,description,setup_time,prod_time,is_visible,is_complete,created_at,created_by) VALUES (1001,104,NULL,false,'20',20.0000,NULL,NULL,NULL,true,false,NOW(),1);
INSERT INTO part_ops (id,routing_rev_id,job_id,for_job_only,op_number,op_number_sort,description,setup_time,prod_time,is_visible,is_complete,created_at,created_by) VALUES (1002,104,NULL,false,'30',30.0000,NULL,NULL,NULL,true,false,NOW(),1);
INSERT INTO part_ops (id,routing_rev_id,job_id,for_job_only,op_number,op_number_sort,description,setup_time,prod_time,is_visible,is_complete,created_at,created_by) VALUES (1003,104,NULL,false,'40',40.0000,NULL,NULL,NULL,true,false,NOW(),1);
INSERT INTO part_ops (id,routing_rev_id,job_id,for_job_only,op_number,op_number_sort,description,setup_time,prod_time,is_visible,is_complete,created_at,created_by) VALUES (1004,104,NULL,false,'50',50.0000,NULL,0.0000,0.0000,true,false,NOW(),1);
INSERT INTO part_ops (id,routing_rev_id,job_id,for_job_only,op_number,op_number_sort,description,setup_time,prod_time,is_visible,is_complete,created_at,created_by) VALUES (1005,104,NULL,false,'54',54.0000,NULL,0.0000,0.0000,true,false,NOW(),1);
INSERT INTO part_ops (id,routing_rev_id,job_id,for_job_only,op_number,op_number_sort,description,setup_time,prod_time,is_visible,is_complete,created_at,created_by) VALUES (1006,104,NULL,false,'55',55.0000,NULL,0.0000,0.0000,true,false,NOW(),1);
INSERT INTO part_ops (id,routing_rev_id,job_id,for_job_only,op_number,op_number_sort,description,setup_time,prod_time,is_visible,is_complete,created_at,created_by) VALUES (1007,104,NULL,false,'56',56.0000,NULL,0.0000,0.0000,true,false,NOW(),1);
INSERT INTO part_ops (id,routing_rev_id,job_id,for_job_only,op_number,op_number_sort,description,setup_time,prod_time,is_visible,is_complete,created_at,created_by) VALUES (1008,104,NULL,false,'57',57.0000,NULL,0.0000,0.0000,true,false,NOW(),1);
INSERT INTO part_ops (id,routing_rev_id,job_id,for_job_only,op_number,op_number_sort,description,setup_time,prod_time,is_visible,is_complete,created_at,created_by) VALUES (1009,104,NULL,false,'58',58.0000,NULL,0.0000,0.0000,true,false,NOW(),1);
INSERT INTO part_ops (id,routing_rev_id,job_id,for_job_only,op_number,op_number_sort,description,setup_time,prod_time,is_visible,is_complete,created_at,created_by) VALUES (1010,104,NULL,false,'59',59.0000,NULL,0.0000,0.0000,true,false,NOW(),1);
INSERT INTO part_ops (id,routing_rev_id,job_id,for_job_only,op_number,op_number_sort,description,setup_time,prod_time,is_visible,is_complete,created_at,created_by) VALUES (1011,104,NULL,false,'60',60.0000,NULL,1.0000,0.7500,true,false,NOW(),1);
INSERT INTO part_ops (id,routing_rev_id,job_id,for_job_only,op_number,op_number_sort,description,setup_time,prod_time,is_visible,is_complete,created_at,created_by) VALUES (1012,104,NULL,false,'70',70.0000,NULL,1.0000,0.3000,true,false,NOW(),1);
INSERT INTO part_ops (id,routing_rev_id,job_id,for_job_only,op_number,op_number_sort,description,setup_time,prod_time,is_visible,is_complete,created_at,created_by) VALUES (1014,104,NULL,false,'90',90.0000,NULL,NULL,NULL,true,false,NOW(),1);
INSERT INTO part_ops (id,routing_rev_id,job_id,for_job_only,op_number,op_number_sort,description,setup_time,prod_time,is_visible,is_complete,created_at,created_by) VALUES (1015,101,NULL,false,'10',10.0000,NULL,NULL,NULL,true,false,NOW(),1);
INSERT INTO part_ops (id,routing_rev_id,job_id,for_job_only,op_number,op_number_sort,description,setup_time,prod_time,is_visible,is_complete,created_at,created_by) VALUES (1016,101,NULL,false,'20',20.0000,NULL,NULL,NULL,true,false,NOW(),1);
INSERT INTO part_ops (id,routing_rev_id,job_id,for_job_only,op_number,op_number_sort,description,setup_time,prod_time,is_visible,is_complete,created_at,created_by) VALUES (1017,101,NULL,false,'30',30.0000,NULL,NULL,NULL,true,false,NOW(),1);
INSERT INTO part_ops (id,routing_rev_id,job_id,for_job_only,op_number,op_number_sort,description,setup_time,prod_time,is_visible,is_complete,created_at,created_by) VALUES (1018,101,NULL,false,'40',40.0000,NULL,NULL,NULL,true,false,NOW(),1);
INSERT INTO part_ops (id,routing_rev_id,job_id,for_job_only,op_number,op_number_sort,description,setup_time,prod_time,is_visible,is_complete,created_at,created_by) VALUES (1019,101,NULL,false,'50',50.0000,NULL,0.0000,0.0000,true,false,NOW(),1);
INSERT INTO part_ops (id,routing_rev_id,job_id,for_job_only,op_number,op_number_sort,description,setup_time,prod_time,is_visible,is_complete,created_at,created_by) VALUES (1020,101,NULL,false,'60',60.0000,NULL,1.0000,0.5000,true,false,NOW(),1);
INSERT INTO part_ops (id,routing_rev_id,job_id,for_job_only,op_number,op_number_sort,description,setup_time,prod_time,is_visible,is_complete,created_at,created_by) VALUES (1021,101,NULL,false,'70',70.0000,NULL,0.5000,0.2000,true,false,NOW(),1);
INSERT INTO part_ops (id,routing_rev_id,job_id,for_job_only,op_number,op_number_sort,description,setup_time,prod_time,is_visible,is_complete,created_at,created_by) VALUES (1022,101,NULL,false,'90',90.0000,NULL,NULL,NULL,true,false,NOW(),1);
INSERT INTO part_ops (id,routing_rev_id,job_id,for_job_only,op_number,op_number_sort,description,setup_time,prod_time,is_visible,is_complete,created_at,created_by) VALUES (1023,100,NULL,false,'10',10.0000,NULL,NULL,NULL,true,false,NOW(),1);
INSERT INTO part_ops (id,routing_rev_id,job_id,for_job_only,op_number,op_number_sort,description,setup_time,prod_time,is_visible,is_complete,created_at,created_by) VALUES (1024,100,NULL,false,'20',20.0000,NULL,0.0000,0.0000,true,false,NOW(),1);
INSERT INTO part_ops (id,routing_rev_id,job_id,for_job_only,op_number,op_number_sort,description,setup_time,prod_time,is_visible,is_complete,created_at,created_by) VALUES (1025,100,NULL,false,'30',30.0000,NULL,0.0000,0.0000,true,false,NOW(),1);
INSERT INTO part_ops (id,routing_rev_id,job_id,for_job_only,op_number,op_number_sort,description,setup_time,prod_time,is_visible,is_complete,created_at,created_by) VALUES (1026,100,NULL,false,'40',40.0000,NULL,NULL,NULL,true,false,NOW(),1);
INSERT INTO part_ops (id,routing_rev_id,job_id,for_job_only,op_number,op_number_sort,description,setup_time,prod_time,is_visible,is_complete,created_at,created_by) VALUES (1027,100,NULL,false,'50',50.0000,NULL,0.0000,0.0000,true,false,NOW(),1);
INSERT INTO part_ops (id,routing_rev_id,job_id,for_job_only,op_number,op_number_sort,description,setup_time,prod_time,is_visible,is_complete,created_at,created_by) VALUES (1028,100,NULL,false,'56',56.0000,NULL,0.0000,0.0000,true,false,NOW(),1);
INSERT INTO part_ops (id,routing_rev_id,job_id,for_job_only,op_number,op_number_sort,description,setup_time,prod_time,is_visible,is_complete,created_at,created_by) VALUES (1029,100,NULL,false,'60',60.0000,NULL,0.0000,0.6200,true,false,NOW(),1);
INSERT INTO part_ops (id,routing_rev_id,job_id,for_job_only,op_number,op_number_sort,description,setup_time,prod_time,is_visible,is_complete,created_at,created_by) VALUES (1030,100,NULL,false,'100',100.0000,NULL,0.0000,0.0000,true,false,NOW(),1);
INSERT INTO part_ops (id,routing_rev_id,job_id,for_job_only,op_number,op_number_sort,description,setup_time,prod_time,is_visible,is_complete,created_at,created_by) VALUES (1031,100,NULL,false,'110',110.0000,NULL,0.0000,0.0000,true,false,NOW(),1);
INSERT INTO part_ops (id,routing_rev_id,job_id,for_job_only,op_number,op_number_sort,description,setup_time,prod_time,is_visible,is_complete,created_at,created_by) VALUES (1032,103,NULL,false,'10',10.0000,NULL,0.0000,0.0000,true,false,NOW(),1);
INSERT INTO part_ops (id,routing_rev_id,job_id,for_job_only,op_number,op_number_sort,description,setup_time,prod_time,is_visible,is_complete,created_at,created_by) VALUES (1033,103,NULL,false,'20',20.0000,NULL,0.0000,0.0000,true,false,NOW(),1);
INSERT INTO part_ops (id,routing_rev_id,job_id,for_job_only,op_number,op_number_sort,description,setup_time,prod_time,is_visible,is_complete,created_at,created_by) VALUES (1034,103,NULL,false,'30',30.0000,NULL,0.0000,0.0000,true,false,NOW(),1);
INSERT INTO part_ops (id,routing_rev_id,job_id,for_job_only,op_number,op_number_sort,description,setup_time,prod_time,is_visible,is_complete,created_at,created_by) VALUES (1035,103,NULL,false,'40',40.0000,NULL,0.0000,0.0000,true,false,NOW(),1);
INSERT INTO part_ops (id,routing_rev_id,job_id,for_job_only,op_number,op_number_sort,description,setup_time,prod_time,is_visible,is_complete,created_at,created_by) VALUES (1036,103,NULL,false,'50',50.0000,NULL,0.0000,0.0000,true,false,NOW(),1);
INSERT INTO part_ops (id,routing_rev_id,job_id,for_job_only,op_number,op_number_sort,description,setup_time,prod_time,is_visible,is_complete,created_at,created_by) VALUES (1037,103,NULL,false,'60',60.0000,NULL,1.0000,1.0300,true,false,NOW(),1);
INSERT INTO part_ops (id,routing_rev_id,job_id,for_job_only,op_number,op_number_sort,description,setup_time,prod_time,is_visible,is_complete,created_at,created_by) VALUES (1038,103,NULL,false,'70',70.0000,NULL,1.0000,1.2220,true,false,NOW(),1);
INSERT INTO part_ops (id,routing_rev_id,job_id,for_job_only,op_number,op_number_sort,description,setup_time,prod_time,is_visible,is_complete,created_at,created_by) VALUES (1039,103,NULL,false,'80',80.0000,NULL,1.0000,0.3033,true,false,NOW(),1);
INSERT INTO part_ops (id,routing_rev_id,job_id,for_job_only,op_number,op_number_sort,description,setup_time,prod_time,is_visible,is_complete,created_at,created_by) VALUES (1041,103,NULL,false,'100',100.0000,NULL,0.0000,0.0000,true,false,NOW(),1);
INSERT INTO part_ops (id,routing_rev_id,job_id,for_job_only,op_number,op_number_sort,description,setup_time,prod_time,is_visible,is_complete,created_at,created_by) VALUES (1042,101,NULL,false,'55',55.0000,NULL,0.0000,0.0000,true,false,NOW(),1);
INSERT INTO part_ops (id,routing_rev_id,job_id,for_job_only,op_number,op_number_sort,description,setup_time,prod_time,is_visible,is_complete,created_at,created_by) VALUES (1043,102,NULL,false,'10',10.0000,NULL,0.0000,0.0000,true,false,NOW(),1);
INSERT INTO part_ops (id,routing_rev_id,job_id,for_job_only,op_number,op_number_sort,description,setup_time,prod_time,is_visible,is_complete,created_at,created_by) VALUES (1044,102,NULL,false,'20',20.0000,NULL,0.0000,0.0000,true,false,NOW(),1);
INSERT INTO part_ops (id,routing_rev_id,job_id,for_job_only,op_number,op_number_sort,description,setup_time,prod_time,is_visible,is_complete,created_at,created_by) VALUES (1045,102,NULL,false,'30',30.0000,NULL,0.0000,0.0000,true,false,NOW(),1);
INSERT INTO part_ops (id,routing_rev_id,job_id,for_job_only,op_number,op_number_sort,description,setup_time,prod_time,is_visible,is_complete,created_at,created_by) VALUES (1046,102,NULL,false,'40',40.0000,NULL,0.0000,0.0000,true,false,NOW(),1);
INSERT INTO part_ops (id,routing_rev_id,job_id,for_job_only,op_number,op_number_sort,description,setup_time,prod_time,is_visible,is_complete,created_at,created_by) VALUES (1047,102,NULL,false,'50',50.0000,NULL,0.0000,0.0000,true,false,NOW(),1);
INSERT INTO part_ops (id,routing_rev_id,job_id,for_job_only,op_number,op_number_sort,description,setup_time,prod_time,is_visible,is_complete,created_at,created_by) VALUES (1048,102,NULL,false,'60',60.0000,NULL,1.0000,0.3000,true,true,NOW(),1);
INSERT INTO part_ops (id,routing_rev_id,job_id,for_job_only,op_number,op_number_sort,description,setup_time,prod_time,is_visible,is_complete,created_at,created_by) VALUES (1049,102,NULL,false,'70',70.0000,NULL,0.5000,0.3800,true,false,NOW(),1);
INSERT INTO part_ops (id,routing_rev_id,job_id,for_job_only,op_number,op_number_sort,description,setup_time,prod_time,is_visible,is_complete,created_at,created_by) VALUES (1050,102,NULL,false,'80',80.0000,NULL,0.5000,0.3800,true,true,NOW(),1);
INSERT INTO part_ops (id,routing_rev_id,job_id,for_job_only,op_number,op_number_sort,description,setup_time,prod_time,is_visible,is_complete,created_at,created_by) VALUES (1051,102,NULL,false,'90',90.0000,NULL,0.0000,0.0000,true,false,NOW(),1);
INSERT INTO part_ops (id,routing_rev_id,job_id,for_job_only,op_number,op_number_sort,description,setup_time,prod_time,is_visible,is_complete,created_at,created_by) VALUES (1052,102,NULL,false,'100',100.0000,NULL,0.0000,0.0000,true,false,NOW(),1);
INSERT INTO part_ops (id,routing_rev_id,job_id,for_job_only,op_number,op_number_sort,description,setup_time,prod_time,is_visible,is_complete,created_at,created_by) VALUES (1053,102,NULL,false,'75',75.0000,NULL,0.5000,0.1800,true,false,NOW(),1);
INSERT INTO part_ops (id,routing_rev_id,job_id,for_job_only,op_number,op_number_sort,description,setup_time,prod_time,is_visible,is_complete,created_at,created_by) VALUES (1058,105,NULL,false,'60',60.0000,NULL,0.0000,0.0000,true,false,NOW(),1);
INSERT INTO part_ops (id,routing_rev_id,job_id,for_job_only,op_number,op_number_sort,description,setup_time,prod_time,is_visible,is_complete,created_at,created_by) VALUES (1059,105,NULL,false,'70',70.0000,NULL,0.0000,0.0000,true,false,NOW(),1);
INSERT INTO part_ops (id,routing_rev_id,job_id,for_job_only,op_number,op_number_sort,description,setup_time,prod_time,is_visible,is_complete,created_at,created_by) VALUES (1060,105,NULL,false,'55',55.0000,'NHIỆT ĐỘ: 180° THỜI GIAN 30 PHÚT                      ',0.0000,0.0000,true,false,NOW(),1);
INSERT INTO part_ops (id,routing_rev_id,job_id,for_job_only,op_number,op_number_sort,description,setup_time,prod_time,is_visible,is_complete,created_at,created_by) VALUES (1061,105,NULL,false,'10',10.0000,NULL,0.0000,0.0000,true,false,NOW(),1);
INSERT INTO part_ops (id,routing_rev_id,job_id,for_job_only,op_number,op_number_sort,description,setup_time,prod_time,is_visible,is_complete,created_at,created_by) VALUES (1062,105,NULL,false,'20',20.0000,NULL,0.0000,0.0000,true,false,NOW(),1);
INSERT INTO part_ops (id,routing_rev_id,job_id,for_job_only,op_number,op_number_sort,description,setup_time,prod_time,is_visible,is_complete,created_at,created_by) VALUES (1063,105,NULL,false,'30',30.0000,NULL,0.0000,0.0000,true,false,NOW(),1);
INSERT INTO part_ops (id,routing_rev_id,job_id,for_job_only,op_number,op_number_sort,description,setup_time,prod_time,is_visible,is_complete,created_at,created_by) VALUES (1064,105,NULL,false,'40',40.0000,NULL,0.0000,0.0000,true,false,NOW(),1);
INSERT INTO part_ops (id,routing_rev_id,job_id,for_job_only,op_number,op_number_sort,description,setup_time,prod_time,is_visible,is_complete,created_at,created_by) VALUES (1065,105,NULL,false,'50',50.0000,NULL,0.0000,0.0000,true,false,NOW(),1);
INSERT INTO part_ops (id,routing_rev_id,job_id,for_job_only,op_number,op_number_sort,description,setup_time,prod_time,is_visible,is_complete,created_at,created_by) VALUES (1066,105,NULL,false,'80',80.0000,NULL,0.0000,0.0000,true,false,NOW(),1);
INSERT INTO part_ops (id,routing_rev_id,job_id,for_job_only,op_number,op_number_sort,description,setup_time,prod_time,is_visible,is_complete,created_at,created_by) VALUES (1067,105,NULL,false,'90',90.0000,NULL,0.0000,0.0000,true,false,NOW(),1);
INSERT INTO part_ops (id,routing_rev_id,job_id,for_job_only,op_number,op_number_sort,description,setup_time,prod_time,is_visible,is_complete,created_at,created_by) VALUES (1068,105,NULL,false,'100',100.0000,NULL,0.0000,0.0000,true,false,NOW(),1);
INSERT INTO part_ops (id,routing_rev_id,job_id,for_job_only,op_number,op_number_sort,description,setup_time,prod_time,is_visible,is_complete,created_at,created_by) VALUES (1069,105,NULL,false,'61',61.0000,NULL,0.0000,0.0000,true,false,NOW(),1);
INSERT INTO part_ops (id,routing_rev_id,job_id,for_job_only,op_number,op_number_sort,description,setup_time,prod_time,is_visible,is_complete,created_at,created_by) VALUES (1070,103,NULL,false,'90',90.0000,NULL,0.0000,0.0000,true,false,NOW(),1);
INSERT INTO part_ops (id,routing_rev_id,job_id,for_job_only,op_number,op_number_sort,description,setup_time,prod_time,is_visible,is_complete,created_at,created_by) VALUES (1071,100,NULL,false,'80',80.0000,NULL,0.0000,0.0000,true,false,NOW(),1);
INSERT INTO part_ops (id,routing_rev_id,job_id,for_job_only,op_number,op_number_sort,description,setup_time,prod_time,is_visible,is_complete,created_at,created_by) VALUES (1072,100,NULL,false,'90',90.0000,NULL,0.0000,0.0000,true,false,NOW(),1);
INSERT INTO part_ops (id,routing_rev_id,job_id,for_job_only,op_number,op_number_sort,description,setup_time,prod_time,is_visible,is_complete,created_at,created_by) VALUES (1073,102,NULL,false,'110',110.0000,NULL,0.0000,0.0000,true,false,NOW(),1);
INSERT INTO part_ops (id,routing_rev_id,job_id,for_job_only,op_number,op_number_sort,description,setup_time,prod_time,is_visible,is_complete,created_at,created_by) VALUES (1074,102,NULL,false,'120',120.0000,NULL,0.0000,0.0000,true,false,NOW(),1);

-- JOBS
INSERT INTO jobs (id,job_number,part_rev_id,routing_rev_id,run_qty,ship_by,is_complete,created_at,created_by) VALUES (100,'00006535',100,100,81,'2023-01-10',false,NOW(),1) ON CONFLICT (job_number) DO NOTHING;
INSERT INTO jobs (id,job_number,part_rev_id,routing_rev_id,run_qty,ship_by,is_complete,created_at,created_by) VALUES (101,'00006539',101,101,71,'2023-01-10',false,NOW(),1) ON CONFLICT (job_number) DO NOTHING;
INSERT INTO jobs (id,job_number,part_rev_id,routing_rev_id,run_qty,ship_by,is_complete,created_at,created_by) VALUES (102,'00006635',101,101,46,'2023-10-01',false,NOW(),1) ON CONFLICT (job_number) DO NOTHING;
INSERT INTO jobs (id,job_number,part_rev_id,routing_rev_id,run_qty,ship_by,is_complete,created_at,created_by) VALUES (103,'00006788',102,102,7,'2023-03-15',false,NOW(),1) ON CONFLICT (job_number) DO NOTHING;
INSERT INTO jobs (id,job_number,part_rev_id,routing_rev_id,run_qty,ship_by,is_complete,created_at,created_by) VALUES (104,'00006926',103,103,30,'2023-01-20',false,NOW(),1) ON CONFLICT (job_number) DO NOTHING;
INSERT INTO jobs (id,job_number,part_rev_id,routing_rev_id,run_qty,ship_by,is_complete,created_at,created_by) VALUES (105,'00006929',104,104,112,'2023-03-01',false,NOW(),1) ON CONFLICT (job_number) DO NOTHING;
INSERT INTO jobs (id,job_number,part_rev_id,routing_rev_id,run_qty,ship_by,is_complete,created_at,created_by) VALUES (106,'00009921',105,105,10,'2024-11-01',false,NOW(),1) ON CONFLICT (job_number) DO NOTHING;
INSERT INTO jobs (id,job_number,part_rev_id,routing_rev_id,run_qty,ship_by,is_complete,created_at,created_by) VALUES (107,'00010432',106,106,1,'2024-11-01',false,NOW(),1) ON CONFLICT (job_number) DO NOTHING;

-- JOB-SPECIFIC OPS
INSERT INTO part_ops (id,routing_rev_id,job_id,for_job_only,op_number,op_number_sort,description,setup_time,prod_time,is_visible,is_complete,created_at,created_by) VALUES (1055,NULL,100,true,'100',100.0000,NULL,0.0000,0.0000,true,false,NOW(),1);
INSERT INTO part_ops (id,routing_rev_id,job_id,for_job_only,op_number,op_number_sort,description,setup_time,prod_time,is_visible,is_complete,created_at,created_by) VALUES (1040,NULL,104,true,'90',90.0000,NULL,0.0000,0.0000,true,false,NOW(),1);
INSERT INTO part_ops (id,routing_rev_id,job_id,for_job_only,op_number,op_number_sort,description,setup_time,prod_time,is_visible,is_complete,created_at,created_by) VALUES (1057,NULL,102,true,'80',80.0000,NULL,0.0000,0.0000,true,false,NOW(),1);
INSERT INTO part_ops (id,routing_rev_id,job_id,for_job_only,op_number,op_number_sort,description,setup_time,prod_time,is_visible,is_complete,created_at,created_by) VALUES (1056,NULL,101,true,'80',80.0000,NULL,0.5000,0.2000,true,false,NOW(),1);
INSERT INTO part_ops (id,routing_rev_id,job_id,for_job_only,op_number,op_number_sort,description,setup_time,prod_time,is_visible,is_complete,created_at,created_by) VALUES (1054,NULL,100,true,'80',80.0000,NULL,0.0000,0.0000,true,false,NOW(),1);
INSERT INTO part_ops (id,routing_rev_id,job_id,for_job_only,op_number,op_number_sort,description,setup_time,prod_time,is_visible,is_complete,created_at,created_by) VALUES (1013,NULL,105,true,'80',80.0000,NULL,0.0000,0.0000,true,false,NOW(),1);

-- PRODUCTS
INSERT INTO products (id,job_id,serial_number,sort_order,is_complete,created_at) VALUES (1000,100,'001',1,false,NOW()) ON CONFLICT (job_id,serial_number) DO NOTHING;
INSERT INTO products (id,job_id,serial_number,sort_order,is_complete,created_at) VALUES (1001,100,'002',2,false,NOW()) ON CONFLICT (job_id,serial_number) DO NOTHING;
INSERT INTO products (id,job_id,serial_number,sort_order,is_complete,created_at) VALUES (1002,100,'003',3,false,NOW()) ON CONFLICT (job_id,serial_number) DO NOTHING;
INSERT INTO products (id,job_id,serial_number,sort_order,is_complete,created_at) VALUES (1003,100,'004',4,false,NOW()) ON CONFLICT (job_id,serial_number) DO NOTHING;
INSERT INTO products (id,job_id,serial_number,sort_order,is_complete,created_at) VALUES (1004,100,'005',5,false,NOW()) ON CONFLICT (job_id,serial_number) DO NOTHING;
INSERT INTO products (id,job_id,serial_number,sort_order,is_complete,created_at) VALUES (1005,100,'006',6,false,NOW()) ON CONFLICT (job_id,serial_number) DO NOTHING;
INSERT INTO products (id,job_id,serial_number,sort_order,is_complete,created_at) VALUES (1006,100,'007',7,false,NOW()) ON CONFLICT (job_id,serial_number) DO NOTHING;
INSERT INTO products (id,job_id,serial_number,sort_order,is_complete,created_at) VALUES (1007,100,'008',8,false,NOW()) ON CONFLICT (job_id,serial_number) DO NOTHING;
INSERT INTO products (id,job_id,serial_number,sort_order,is_complete,created_at) VALUES (1008,100,'009',9,false,NOW()) ON CONFLICT (job_id,serial_number) DO NOTHING;
INSERT INTO products (id,job_id,serial_number,sort_order,is_complete,created_at) VALUES (1009,100,'010',10,false,NOW()) ON CONFLICT (job_id,serial_number) DO NOTHING;
INSERT INTO products (id,job_id,serial_number,sort_order,is_complete,created_at) VALUES (1010,100,'011',11,false,NOW()) ON CONFLICT (job_id,serial_number) DO NOTHING;
INSERT INTO products (id,job_id,serial_number,sort_order,is_complete,created_at) VALUES (1011,100,'012',12,false,NOW()) ON CONFLICT (job_id,serial_number) DO NOTHING;
INSERT INTO products (id,job_id,serial_number,sort_order,is_complete,created_at) VALUES (1012,100,'013',13,false,NOW()) ON CONFLICT (job_id,serial_number) DO NOTHING;
INSERT INTO products (id,job_id,serial_number,sort_order,is_complete,created_at) VALUES (1013,100,'014',14,false,NOW()) ON CONFLICT (job_id,serial_number) DO NOTHING;
INSERT INTO products (id,job_id,serial_number,sort_order,is_complete,created_at) VALUES (1014,100,'015',15,false,NOW()) ON CONFLICT (job_id,serial_number) DO NOTHING;
INSERT INTO products (id,job_id,serial_number,sort_order,is_complete,created_at) VALUES (1015,100,'016',16,false,NOW()) ON CONFLICT (job_id,serial_number) DO NOTHING;
INSERT INTO products (id,job_id,serial_number,sort_order,is_complete,created_at) VALUES (1016,100,'017',17,false,NOW()) ON CONFLICT (job_id,serial_number) DO NOTHING;
INSERT INTO products (id,job_id,serial_number,sort_order,is_complete,created_at) VALUES (1017,100,'018',18,false,NOW()) ON CONFLICT (job_id,serial_number) DO NOTHING;
INSERT INTO products (id,job_id,serial_number,sort_order,is_complete,created_at) VALUES (1018,100,'019',19,false,NOW()) ON CONFLICT (job_id,serial_number) DO NOTHING;
INSERT INTO products (id,job_id,serial_number,sort_order,is_complete,created_at) VALUES (1019,100,'020',20,false,NOW()) ON CONFLICT (job_id,serial_number) DO NOTHING;
INSERT INTO products (id,job_id,serial_number,sort_order,is_complete,created_at) VALUES (1020,101,'001',21,false,NOW()) ON CONFLICT (job_id,serial_number) DO NOTHING;
INSERT INTO products (id,job_id,serial_number,sort_order,is_complete,created_at) VALUES (1021,101,'002',22,false,NOW()) ON CONFLICT (job_id,serial_number) DO NOTHING;
INSERT INTO products (id,job_id,serial_number,sort_order,is_complete,created_at) VALUES (1022,101,'003',23,false,NOW()) ON CONFLICT (job_id,serial_number) DO NOTHING;
INSERT INTO products (id,job_id,serial_number,sort_order,is_complete,created_at) VALUES (1023,101,'004',24,false,NOW()) ON CONFLICT (job_id,serial_number) DO NOTHING;
INSERT INTO products (id,job_id,serial_number,sort_order,is_complete,created_at) VALUES (1024,101,'005',25,false,NOW()) ON CONFLICT (job_id,serial_number) DO NOTHING;
INSERT INTO products (id,job_id,serial_number,sort_order,is_complete,created_at) VALUES (1025,101,'006',26,false,NOW()) ON CONFLICT (job_id,serial_number) DO NOTHING;
INSERT INTO products (id,job_id,serial_number,sort_order,is_complete,created_at) VALUES (1026,101,'007',27,false,NOW()) ON CONFLICT (job_id,serial_number) DO NOTHING;
INSERT INTO products (id,job_id,serial_number,sort_order,is_complete,created_at) VALUES (1027,101,'008',28,false,NOW()) ON CONFLICT (job_id,serial_number) DO NOTHING;
INSERT INTO products (id,job_id,serial_number,sort_order,is_complete,created_at) VALUES (1028,101,'009',29,false,NOW()) ON CONFLICT (job_id,serial_number) DO NOTHING;
INSERT INTO products (id,job_id,serial_number,sort_order,is_complete,created_at) VALUES (1029,101,'010',30,false,NOW()) ON CONFLICT (job_id,serial_number) DO NOTHING;
INSERT INTO products (id,job_id,serial_number,sort_order,is_complete,created_at) VALUES (1030,101,'011',31,false,NOW()) ON CONFLICT (job_id,serial_number) DO NOTHING;
INSERT INTO products (id,job_id,serial_number,sort_order,is_complete,created_at) VALUES (1031,101,'012',32,false,NOW()) ON CONFLICT (job_id,serial_number) DO NOTHING;
INSERT INTO products (id,job_id,serial_number,sort_order,is_complete,created_at) VALUES (1032,101,'013',33,false,NOW()) ON CONFLICT (job_id,serial_number) DO NOTHING;
INSERT INTO products (id,job_id,serial_number,sort_order,is_complete,created_at) VALUES (1033,101,'014',34,false,NOW()) ON CONFLICT (job_id,serial_number) DO NOTHING;
INSERT INTO products (id,job_id,serial_number,sort_order,is_complete,created_at) VALUES (1034,101,'015',35,false,NOW()) ON CONFLICT (job_id,serial_number) DO NOTHING;
INSERT INTO products (id,job_id,serial_number,sort_order,is_complete,created_at) VALUES (1035,101,'016',36,false,NOW()) ON CONFLICT (job_id,serial_number) DO NOTHING;
INSERT INTO products (id,job_id,serial_number,sort_order,is_complete,created_at) VALUES (1036,101,'017',37,false,NOW()) ON CONFLICT (job_id,serial_number) DO NOTHING;
INSERT INTO products (id,job_id,serial_number,sort_order,is_complete,created_at) VALUES (1037,101,'018',38,false,NOW()) ON CONFLICT (job_id,serial_number) DO NOTHING;
INSERT INTO products (id,job_id,serial_number,sort_order,is_complete,created_at) VALUES (1038,101,'019',39,false,NOW()) ON CONFLICT (job_id,serial_number) DO NOTHING;
INSERT INTO products (id,job_id,serial_number,sort_order,is_complete,created_at) VALUES (1039,101,'020',40,false,NOW()) ON CONFLICT (job_id,serial_number) DO NOTHING;
INSERT INTO products (id,job_id,serial_number,sort_order,is_complete,created_at) VALUES (1040,102,'001',41,false,NOW()) ON CONFLICT (job_id,serial_number) DO NOTHING;
INSERT INTO products (id,job_id,serial_number,sort_order,is_complete,created_at) VALUES (1041,102,'002',42,false,NOW()) ON CONFLICT (job_id,serial_number) DO NOTHING;
INSERT INTO products (id,job_id,serial_number,sort_order,is_complete,created_at) VALUES (1042,102,'003',43,false,NOW()) ON CONFLICT (job_id,serial_number) DO NOTHING;
INSERT INTO products (id,job_id,serial_number,sort_order,is_complete,created_at) VALUES (1043,102,'004',44,false,NOW()) ON CONFLICT (job_id,serial_number) DO NOTHING;
INSERT INTO products (id,job_id,serial_number,sort_order,is_complete,created_at) VALUES (1044,102,'005',45,false,NOW()) ON CONFLICT (job_id,serial_number) DO NOTHING;
INSERT INTO products (id,job_id,serial_number,sort_order,is_complete,created_at) VALUES (1045,102,'006',46,false,NOW()) ON CONFLICT (job_id,serial_number) DO NOTHING;
INSERT INTO products (id,job_id,serial_number,sort_order,is_complete,created_at) VALUES (1046,102,'007',47,false,NOW()) ON CONFLICT (job_id,serial_number) DO NOTHING;
INSERT INTO products (id,job_id,serial_number,sort_order,is_complete,created_at) VALUES (1047,102,'008',48,false,NOW()) ON CONFLICT (job_id,serial_number) DO NOTHING;
INSERT INTO products (id,job_id,serial_number,sort_order,is_complete,created_at) VALUES (1048,102,'009',49,false,NOW()) ON CONFLICT (job_id,serial_number) DO NOTHING;
INSERT INTO products (id,job_id,serial_number,sort_order,is_complete,created_at) VALUES (1049,102,'010',50,false,NOW()) ON CONFLICT (job_id,serial_number) DO NOTHING;
INSERT INTO products (id,job_id,serial_number,sort_order,is_complete,created_at) VALUES (1050,102,'011',51,false,NOW()) ON CONFLICT (job_id,serial_number) DO NOTHING;
INSERT INTO products (id,job_id,serial_number,sort_order,is_complete,created_at) VALUES (1051,102,'012',52,false,NOW()) ON CONFLICT (job_id,serial_number) DO NOTHING;
INSERT INTO products (id,job_id,serial_number,sort_order,is_complete,created_at) VALUES (1052,102,'013',53,false,NOW()) ON CONFLICT (job_id,serial_number) DO NOTHING;
INSERT INTO products (id,job_id,serial_number,sort_order,is_complete,created_at) VALUES (1053,102,'014',54,false,NOW()) ON CONFLICT (job_id,serial_number) DO NOTHING;
INSERT INTO products (id,job_id,serial_number,sort_order,is_complete,created_at) VALUES (1054,102,'015',55,false,NOW()) ON CONFLICT (job_id,serial_number) DO NOTHING;
INSERT INTO products (id,job_id,serial_number,sort_order,is_complete,created_at) VALUES (1055,102,'016',56,false,NOW()) ON CONFLICT (job_id,serial_number) DO NOTHING;
INSERT INTO products (id,job_id,serial_number,sort_order,is_complete,created_at) VALUES (1056,102,'017',57,false,NOW()) ON CONFLICT (job_id,serial_number) DO NOTHING;
INSERT INTO products (id,job_id,serial_number,sort_order,is_complete,created_at) VALUES (1057,102,'018',58,false,NOW()) ON CONFLICT (job_id,serial_number) DO NOTHING;
INSERT INTO products (id,job_id,serial_number,sort_order,is_complete,created_at) VALUES (1058,102,'019',59,false,NOW()) ON CONFLICT (job_id,serial_number) DO NOTHING;
INSERT INTO products (id,job_id,serial_number,sort_order,is_complete,created_at) VALUES (1059,102,'020',60,false,NOW()) ON CONFLICT (job_id,serial_number) DO NOTHING;
INSERT INTO products (id,job_id,serial_number,sort_order,is_complete,created_at) VALUES (1060,103,'001',61,false,NOW()) ON CONFLICT (job_id,serial_number) DO NOTHING;
INSERT INTO products (id,job_id,serial_number,sort_order,is_complete,created_at) VALUES (1061,103,'002',62,false,NOW()) ON CONFLICT (job_id,serial_number) DO NOTHING;
INSERT INTO products (id,job_id,serial_number,sort_order,is_complete,created_at) VALUES (1062,103,'003',63,false,NOW()) ON CONFLICT (job_id,serial_number) DO NOTHING;
INSERT INTO products (id,job_id,serial_number,sort_order,is_complete,created_at) VALUES (1063,103,'004',64,false,NOW()) ON CONFLICT (job_id,serial_number) DO NOTHING;
INSERT INTO products (id,job_id,serial_number,sort_order,is_complete,created_at) VALUES (1064,103,'005',65,false,NOW()) ON CONFLICT (job_id,serial_number) DO NOTHING;
INSERT INTO products (id,job_id,serial_number,sort_order,is_complete,created_at) VALUES (1065,103,'006',66,false,NOW()) ON CONFLICT (job_id,serial_number) DO NOTHING;
INSERT INTO products (id,job_id,serial_number,sort_order,is_complete,created_at) VALUES (1066,103,'007',67,false,NOW()) ON CONFLICT (job_id,serial_number) DO NOTHING;
INSERT INTO products (id,job_id,serial_number,sort_order,is_complete,created_at) VALUES (1067,104,'001',68,false,NOW()) ON CONFLICT (job_id,serial_number) DO NOTHING;
INSERT INTO products (id,job_id,serial_number,sort_order,is_complete,created_at) VALUES (1068,104,'002',69,false,NOW()) ON CONFLICT (job_id,serial_number) DO NOTHING;
INSERT INTO products (id,job_id,serial_number,sort_order,is_complete,created_at) VALUES (1069,104,'003',70,false,NOW()) ON CONFLICT (job_id,serial_number) DO NOTHING;
INSERT INTO products (id,job_id,serial_number,sort_order,is_complete,created_at) VALUES (1070,104,'004',71,false,NOW()) ON CONFLICT (job_id,serial_number) DO NOTHING;
INSERT INTO products (id,job_id,serial_number,sort_order,is_complete,created_at) VALUES (1071,104,'005',72,false,NOW()) ON CONFLICT (job_id,serial_number) DO NOTHING;
INSERT INTO products (id,job_id,serial_number,sort_order,is_complete,created_at) VALUES (1072,104,'006',73,false,NOW()) ON CONFLICT (job_id,serial_number) DO NOTHING;
INSERT INTO products (id,job_id,serial_number,sort_order,is_complete,created_at) VALUES (1073,104,'007',74,false,NOW()) ON CONFLICT (job_id,serial_number) DO NOTHING;
INSERT INTO products (id,job_id,serial_number,sort_order,is_complete,created_at) VALUES (1074,104,'008',75,false,NOW()) ON CONFLICT (job_id,serial_number) DO NOTHING;
INSERT INTO products (id,job_id,serial_number,sort_order,is_complete,created_at) VALUES (1075,104,'009',76,false,NOW()) ON CONFLICT (job_id,serial_number) DO NOTHING;
INSERT INTO products (id,job_id,serial_number,sort_order,is_complete,created_at) VALUES (1076,104,'010',77,false,NOW()) ON CONFLICT (job_id,serial_number) DO NOTHING;
INSERT INTO products (id,job_id,serial_number,sort_order,is_complete,created_at) VALUES (1077,104,'011',78,false,NOW()) ON CONFLICT (job_id,serial_number) DO NOTHING;
INSERT INTO products (id,job_id,serial_number,sort_order,is_complete,created_at) VALUES (1078,104,'012',79,false,NOW()) ON CONFLICT (job_id,serial_number) DO NOTHING;
INSERT INTO products (id,job_id,serial_number,sort_order,is_complete,created_at) VALUES (1079,104,'013',80,false,NOW()) ON CONFLICT (job_id,serial_number) DO NOTHING;
INSERT INTO products (id,job_id,serial_number,sort_order,is_complete,created_at) VALUES (1080,104,'014',81,false,NOW()) ON CONFLICT (job_id,serial_number) DO NOTHING;
INSERT INTO products (id,job_id,serial_number,sort_order,is_complete,created_at) VALUES (1081,104,'015',82,false,NOW()) ON CONFLICT (job_id,serial_number) DO NOTHING;
INSERT INTO products (id,job_id,serial_number,sort_order,is_complete,created_at) VALUES (1082,104,'016',83,false,NOW()) ON CONFLICT (job_id,serial_number) DO NOTHING;
INSERT INTO products (id,job_id,serial_number,sort_order,is_complete,created_at) VALUES (1083,104,'017',84,false,NOW()) ON CONFLICT (job_id,serial_number) DO NOTHING;
INSERT INTO products (id,job_id,serial_number,sort_order,is_complete,created_at) VALUES (1084,104,'018',85,false,NOW()) ON CONFLICT (job_id,serial_number) DO NOTHING;
INSERT INTO products (id,job_id,serial_number,sort_order,is_complete,created_at) VALUES (1085,104,'019',86,false,NOW()) ON CONFLICT (job_id,serial_number) DO NOTHING;
INSERT INTO products (id,job_id,serial_number,sort_order,is_complete,created_at) VALUES (1086,104,'020',87,false,NOW()) ON CONFLICT (job_id,serial_number) DO NOTHING;
INSERT INTO products (id,job_id,serial_number,sort_order,is_complete,created_at) VALUES (1087,105,'001',88,false,NOW()) ON CONFLICT (job_id,serial_number) DO NOTHING;
INSERT INTO products (id,job_id,serial_number,sort_order,is_complete,created_at) VALUES (1088,105,'002',89,false,NOW()) ON CONFLICT (job_id,serial_number) DO NOTHING;
INSERT INTO products (id,job_id,serial_number,sort_order,is_complete,created_at) VALUES (1089,105,'003',90,false,NOW()) ON CONFLICT (job_id,serial_number) DO NOTHING;
INSERT INTO products (id,job_id,serial_number,sort_order,is_complete,created_at) VALUES (1090,105,'004',91,false,NOW()) ON CONFLICT (job_id,serial_number) DO NOTHING;
INSERT INTO products (id,job_id,serial_number,sort_order,is_complete,created_at) VALUES (1091,105,'005',92,false,NOW()) ON CONFLICT (job_id,serial_number) DO NOTHING;
INSERT INTO products (id,job_id,serial_number,sort_order,is_complete,created_at) VALUES (1092,105,'006',93,false,NOW()) ON CONFLICT (job_id,serial_number) DO NOTHING;
INSERT INTO products (id,job_id,serial_number,sort_order,is_complete,created_at) VALUES (1093,105,'007',94,false,NOW()) ON CONFLICT (job_id,serial_number) DO NOTHING;
INSERT INTO products (id,job_id,serial_number,sort_order,is_complete,created_at) VALUES (1094,105,'008',95,false,NOW()) ON CONFLICT (job_id,serial_number) DO NOTHING;
INSERT INTO products (id,job_id,serial_number,sort_order,is_complete,created_at) VALUES (1095,105,'009',96,false,NOW()) ON CONFLICT (job_id,serial_number) DO NOTHING;
INSERT INTO products (id,job_id,serial_number,sort_order,is_complete,created_at) VALUES (1096,105,'010',97,false,NOW()) ON CONFLICT (job_id,serial_number) DO NOTHING;
INSERT INTO products (id,job_id,serial_number,sort_order,is_complete,created_at) VALUES (1097,105,'011',98,false,NOW()) ON CONFLICT (job_id,serial_number) DO NOTHING;
INSERT INTO products (id,job_id,serial_number,sort_order,is_complete,created_at) VALUES (1098,105,'012',99,false,NOW()) ON CONFLICT (job_id,serial_number) DO NOTHING;
INSERT INTO products (id,job_id,serial_number,sort_order,is_complete,created_at) VALUES (1099,105,'013',100,false,NOW()) ON CONFLICT (job_id,serial_number) DO NOTHING;
INSERT INTO products (id,job_id,serial_number,sort_order,is_complete,created_at) VALUES (1100,105,'014',101,false,NOW()) ON CONFLICT (job_id,serial_number) DO NOTHING;
INSERT INTO products (id,job_id,serial_number,sort_order,is_complete,created_at) VALUES (1101,105,'015',102,false,NOW()) ON CONFLICT (job_id,serial_number) DO NOTHING;
INSERT INTO products (id,job_id,serial_number,sort_order,is_complete,created_at) VALUES (1102,105,'016',103,false,NOW()) ON CONFLICT (job_id,serial_number) DO NOTHING;
INSERT INTO products (id,job_id,serial_number,sort_order,is_complete,created_at) VALUES (1103,105,'017',104,false,NOW()) ON CONFLICT (job_id,serial_number) DO NOTHING;
INSERT INTO products (id,job_id,serial_number,sort_order,is_complete,created_at) VALUES (1104,105,'018',105,false,NOW()) ON CONFLICT (job_id,serial_number) DO NOTHING;
INSERT INTO products (id,job_id,serial_number,sort_order,is_complete,created_at) VALUES (1105,105,'019',106,false,NOW()) ON CONFLICT (job_id,serial_number) DO NOTHING;
INSERT INTO products (id,job_id,serial_number,sort_order,is_complete,created_at) VALUES (1106,105,'020',107,false,NOW()) ON CONFLICT (job_id,serial_number) DO NOTHING;
INSERT INTO products (id,job_id,serial_number,sort_order,is_complete,created_at) VALUES (1107,106,'001',1,false,NOW()) ON CONFLICT (job_id,serial_number) DO NOTHING;
INSERT INTO products (id,job_id,serial_number,sort_order,is_complete,created_at) VALUES (1108,106,'002',2,false,NOW()) ON CONFLICT (job_id,serial_number) DO NOTHING;
INSERT INTO products (id,job_id,serial_number,sort_order,is_complete,created_at) VALUES (1109,106,'003',3,false,NOW()) ON CONFLICT (job_id,serial_number) DO NOTHING;
INSERT INTO products (id,job_id,serial_number,sort_order,is_complete,created_at) VALUES (1110,106,'004',4,false,NOW()) ON CONFLICT (job_id,serial_number) DO NOTHING;
INSERT INTO products (id,job_id,serial_number,sort_order,is_complete,created_at) VALUES (1111,106,'005',5,false,NOW()) ON CONFLICT (job_id,serial_number) DO NOTHING;
INSERT INTO products (id,job_id,serial_number,sort_order,is_complete,created_at) VALUES (1112,106,'006',6,false,NOW()) ON CONFLICT (job_id,serial_number) DO NOTHING;
INSERT INTO products (id,job_id,serial_number,sort_order,is_complete,created_at) VALUES (1113,106,'007',7,false,NOW()) ON CONFLICT (job_id,serial_number) DO NOTHING;
INSERT INTO products (id,job_id,serial_number,sort_order,is_complete,created_at) VALUES (1114,106,'008',8,false,NOW()) ON CONFLICT (job_id,serial_number) DO NOTHING;
INSERT INTO products (id,job_id,serial_number,sort_order,is_complete,created_at) VALUES (1115,106,'009',9,false,NOW()) ON CONFLICT (job_id,serial_number) DO NOTHING;
INSERT INTO products (id,job_id,serial_number,sort_order,is_complete,created_at) VALUES (1116,106,'010',10,false,NOW()) ON CONFLICT (job_id,serial_number) DO NOTHING;
INSERT INTO products (id,job_id,serial_number,sort_order,is_complete,created_at) VALUES (1117,107,'001',1,false,NOW()) ON CONFLICT (job_id,serial_number) DO NOTHING;

-- DIMENSIONS
INSERT INTO dimensions (id,part_op_id,balloon_number,balloon_sort,nominal_text,is_text_type,is_critical,is_final,category_id,sort_order,created_at,updated_at,created_by) VALUES (10000,1005,'11*',0,NULL,true,false,false,NULL,0,NOW(),NOW(),1) ON CONFLICT (part_op_id,balloon_number) DO NOTHING;
INSERT INTO dimensions (id,part_op_id,balloon_number,balloon_sort,nominal_text,is_text_type,is_critical,is_final,category_id,sort_order,created_at,updated_at,created_by) VALUES (10001,1006,'11**',1,NULL,true,false,false,NULL,1,NOW(),NOW(),1) ON CONFLICT (part_op_id,balloon_number) DO NOTHING;
INSERT INTO dimensions (id,part_op_id,balloon_number,balloon_sort,nominal_text,is_text_type,is_critical,is_final,category_id,sort_order,created_at,updated_at,created_by) VALUES (10002,1006,'7*',2,NULL,true,false,false,NULL,2,NOW(),NOW(),1) ON CONFLICT (part_op_id,balloon_number) DO NOTHING;
INSERT INTO dimensions (id,part_op_id,balloon_number,balloon_sort,nominal_value,tolerance_plus,tolerance_minus,max_value,min_value,is_text_type,is_critical,is_final,category_id,sort_order,created_at,updated_at,created_by) VALUES (10003,1007,'12*',3,3.9060,NULL,NULL,NULL,NULL,false,false,false,NULL,3,NOW(),NOW(),1) ON CONFLICT (part_op_id,balloon_number) DO NOTHING;
INSERT INTO dimensions (id,part_op_id,balloon_number,balloon_sort,nominal_value,tolerance_plus,tolerance_minus,max_value,min_value,is_text_type,is_critical,is_final,category_id,sort_order,created_at,updated_at,created_by) VALUES (10004,1008,'12**',4,4.3300,NULL,NULL,NULL,NULL,false,false,false,NULL,4,NOW(),NOW(),1) ON CONFLICT (part_op_id,balloon_number) DO NOTHING;
INSERT INTO dimensions (id,part_op_id,balloon_number,balloon_sort,nominal_value,tolerance_plus,tolerance_minus,max_value,min_value,is_text_type,is_critical,is_final,category_id,sort_order,created_at,updated_at,created_by) VALUES (10005,1009,'12***',5,4.9210,NULL,NULL,NULL,NULL,false,false,false,NULL,5,NOW(),NOW(),1) ON CONFLICT (part_op_id,balloon_number) DO NOTHING;
INSERT INTO dimensions (id,part_op_id,balloon_number,balloon_sort,nominal_value,tolerance_plus,tolerance_minus,max_value,min_value,is_text_type,is_critical,is_final,category_id,sort_order,created_at,updated_at,created_by) VALUES (10006,1011,'7',6,2.1200,0.3000,0.3000,2.4200,1.8200,false,false,true,NULL,6,NOW(),NOW(),1) ON CONFLICT (part_op_id,balloon_number) DO NOTHING;
INSERT INTO dimensions (id,part_op_id,balloon_number,balloon_sort,nominal_value,tolerance_plus,tolerance_minus,max_value,min_value,is_text_type,is_critical,is_final,category_id,sort_order,created_at,updated_at,created_by) VALUES (10007,1011,'9',7,0.0000,5.7390,-5.7240,5.7390,5.7240,false,false,true,NULL,7,NOW(),NOW(),1) ON CONFLICT (part_op_id,balloon_number) DO NOTHING;
INSERT INTO dimensions (id,part_op_id,balloon_number,balloon_sort,nominal_value,tolerance_plus,tolerance_minus,max_value,min_value,is_text_type,is_critical,is_final,category_id,sort_order,created_at,updated_at,created_by) VALUES (10008,1011,'10',8,0.1900,0.0300,0.0300,0.2200,0.1600,false,false,true,NULL,8,NOW(),NOW(),1) ON CONFLICT (part_op_id,balloon_number) DO NOTHING;
INSERT INTO dimensions (id,part_op_id,balloon_number,balloon_sort,nominal_value,tolerance_plus,tolerance_minus,max_value,min_value,is_text_type,is_critical,is_final,category_id,sort_order,created_at,updated_at,created_by) VALUES (10009,1011,'11',9,0.0000,6.1720,-6.1670,6.1720,6.1670,false,false,true,NULL,9,NOW(),NOW(),1) ON CONFLICT (part_op_id,balloon_number) DO NOTHING;
INSERT INTO dimensions (id,part_op_id,balloon_number,balloon_sort,nominal_value,tolerance_plus,tolerance_minus,max_value,min_value,is_text_type,is_critical,is_final,category_id,sort_order,created_at,updated_at,created_by) VALUES (10010,1011,'12',10,0.0000,5.5740,-5.5690,5.5740,5.5690,false,false,true,NULL,10,NOW(),NOW(),1) ON CONFLICT (part_op_id,balloon_number) DO NOTHING;
INSERT INTO dimensions (id,part_op_id,balloon_number,balloon_sort,nominal_text,is_text_type,is_critical,is_final,category_id,sort_order,created_at,updated_at,created_by) VALUES (10011,1011,'13',11,'45˚',true,false,true,NULL,11,NOW(),NOW(),1) ON CONFLICT (part_op_id,balloon_number) DO NOTHING;
INSERT INTO dimensions (id,part_op_id,balloon_number,balloon_sort,nominal_text,is_text_type,is_critical,is_final,category_id,sort_order,created_at,updated_at,created_by) VALUES (10012,1011,'14',12,'45˚',true,false,true,NULL,12,NOW(),NOW(),1) ON CONFLICT (part_op_id,balloon_number) DO NOTHING;
INSERT INTO dimensions (id,part_op_id,balloon_number,balloon_sort,nominal_text,is_text_type,is_critical,is_final,category_id,sort_order,created_at,updated_at,created_by) VALUES (10013,1011,'15.1',13,'5.688 OD ACME 8 TPI FORM 8-101',true,false,true,NULL,13,NOW(),NOW(),1) ON CONFLICT (part_op_id,balloon_number) DO NOTHING;
INSERT INTO dimensions (id,part_op_id,balloon_number,balloon_sort,nominal_text,is_text_type,is_critical,is_final,category_id,sort_order,created_at,updated_at,created_by) VALUES (10014,1011,'15.2',14,'HƯỚNG REN PHẢI',true,false,true,NULL,14,NOW(),NOW(),1) ON CONFLICT (part_op_id,balloon_number) DO NOTHING;
INSERT INTO dimensions (id,part_op_id,balloon_number,balloon_sort,nominal_text,is_text_type,is_critical,is_final,category_id,sort_order,created_at,updated_at,created_by) VALUES (10015,1011,'16.1',15,'6.172 OD  STUB ACME 4 TPI',true,false,true,NULL,15,NOW(),NOW(),1) ON CONFLICT (part_op_id,balloon_number) DO NOTHING;
INSERT INTO dimensions (id,part_op_id,balloon_number,balloon_sort,nominal_text,is_text_type,is_critical,is_final,category_id,sort_order,created_at,updated_at,created_by) VALUES (10016,1011,'16.2',16,'HƯỚNG REN PHẢI',true,false,true,NULL,16,NOW(),NOW(),1) ON CONFLICT (part_op_id,balloon_number) DO NOTHING;
INSERT INTO dimensions (id,part_op_id,balloon_number,balloon_sort,nominal_text,is_text_type,is_critical,is_final,category_id,sort_order,created_at,updated_at,created_by) VALUES (10017,1011,'15.A',17,NULL,true,false,true,NULL,17,NOW(),NOW(),1) ON CONFLICT (part_op_id,balloon_number) DO NOTHING;
INSERT INTO dimensions (id,part_op_id,balloon_number,balloon_sort,nominal_value,tolerance_plus,tolerance_minus,max_value,min_value,is_text_type,is_critical,is_final,category_id,sort_order,created_at,updated_at,created_by) VALUES (10018,1011,'15.B',18,0.1250,NULL,NULL,NULL,NULL,false,false,true,NULL,18,NOW(),NOW(),1) ON CONFLICT (part_op_id,balloon_number) DO NOTHING;
INSERT INTO dimensions (id,part_op_id,balloon_number,balloon_sort,nominal_text,is_text_type,is_critical,is_final,category_id,sort_order,created_at,updated_at,created_by) VALUES (10019,1011,'15.D',19,NULL,true,false,true,NULL,19,NOW(),NOW(),1) ON CONFLICT (part_op_id,balloon_number) DO NOTHING;
INSERT INTO dimensions (id,part_op_id,balloon_number,balloon_sort,nominal_text,is_text_type,is_critical,is_final,category_id,sort_order,created_at,updated_at,created_by) VALUES (10020,1011,'15.E',20,'14.5 °',true,false,true,NULL,20,NOW(),NOW(),1) ON CONFLICT (part_op_id,balloon_number) DO NOTHING;
INSERT INTO dimensions (id,part_op_id,balloon_number,balloon_sort,nominal_text,is_text_type,is_critical,is_final,category_id,sort_order,created_at,updated_at,created_by) VALUES (10021,1011,'15.F',21,'14.5°',true,false,true,NULL,21,NOW(),NOW(),1) ON CONFLICT (part_op_id,balloon_number) DO NOTHING;
INSERT INTO dimensions (id,part_op_id,balloon_number,balloon_sort,nominal_value,tolerance_plus,tolerance_minus,max_value,min_value,is_text_type,is_critical,is_final,category_id,sort_order,created_at,updated_at,created_by) VALUES (10022,1011,'16.B',22,0.2500,NULL,NULL,NULL,NULL,false,false,true,NULL,22,NOW(),NOW(),1) ON CONFLICT (part_op_id,balloon_number) DO NOTHING;
INSERT INTO dimensions (id,part_op_id,balloon_number,balloon_sort,nominal_text,is_text_type,is_critical,is_final,category_id,sort_order,created_at,updated_at,created_by) VALUES (10023,1011,'16.D',23,NULL,true,false,true,NULL,23,NOW(),NOW(),1) ON CONFLICT (part_op_id,balloon_number) DO NOTHING;
INSERT INTO dimensions (id,part_op_id,balloon_number,balloon_sort,nominal_text,is_text_type,is_critical,is_final,category_id,sort_order,created_at,updated_at,created_by) VALUES (10024,1011,'16.E',24,'14.5°',true,false,true,NULL,24,NOW(),NOW(),1) ON CONFLICT (part_op_id,balloon_number) DO NOTHING;
INSERT INTO dimensions (id,part_op_id,balloon_number,balloon_sort,nominal_value,tolerance_plus,tolerance_minus,max_value,min_value,is_text_type,is_critical,is_final,category_id,sort_order,created_at,updated_at,created_by) VALUES (10025,1012,'1',25,0.3120,0.0150,0.0150,0.3270,0.2970,false,false,true,NULL,25,NOW(),NOW(),1) ON CONFLICT (part_op_id,balloon_number) DO NOTHING;
INSERT INTO dimensions (id,part_op_id,balloon_number,balloon_sort,nominal_value,tolerance_plus,tolerance_minus,max_value,min_value,is_text_type,is_critical,is_final,category_id,sort_order,created_at,updated_at,created_by) VALUES (10026,1012,'2',26,0.3800,0.0300,0.0300,0.4100,0.3500,false,false,true,NULL,26,NOW(),NOW(),1) ON CONFLICT (part_op_id,balloon_number) DO NOTHING;
INSERT INTO dimensions (id,part_op_id,balloon_number,balloon_sort,nominal_value,tolerance_plus,tolerance_minus,max_value,min_value,is_text_type,is_critical,is_final,category_id,sort_order,created_at,updated_at,created_by) VALUES (10027,1012,'3',27,0.7500,0.0600,0.0600,0.8100,0.6900,false,false,true,NULL,27,NOW(),NOW(),1) ON CONFLICT (part_op_id,balloon_number) DO NOTHING;
INSERT INTO dimensions (id,part_op_id,balloon_number,balloon_sort,nominal_value,tolerance_plus,tolerance_minus,max_value,min_value,is_text_type,is_critical,is_final,category_id,sort_order,created_at,updated_at,created_by) VALUES (10028,1012,'4',28,0.3800,0.0300,0.0300,0.4100,0.3500,false,false,true,NULL,28,NOW(),NOW(),1) ON CONFLICT (part_op_id,balloon_number) DO NOTHING;
INSERT INTO dimensions (id,part_op_id,balloon_number,balloon_sort,nominal_value,tolerance_plus,tolerance_minus,max_value,min_value,is_text_type,is_critical,is_final,category_id,sort_order,created_at,updated_at,created_by) VALUES (10029,1012,'5',29,0.1200,0.0300,0.0300,0.1500,0.0900,false,false,true,NULL,29,NOW(),NOW(),1) ON CONFLICT (part_op_id,balloon_number) DO NOTHING;
INSERT INTO dimensions (id,part_op_id,balloon_number,balloon_sort,nominal_text,is_text_type,is_critical,is_final,category_id,sort_order,created_at,updated_at,created_by) VALUES (10030,1011,'6',30,'45˚',true,false,true,NULL,30,NOW(),NOW(),1) ON CONFLICT (part_op_id,balloon_number) DO NOTHING;
INSERT INTO dimensions (id,part_op_id,balloon_number,balloon_sort,nominal_value,tolerance_plus,tolerance_minus,max_value,min_value,is_text_type,is_critical,is_final,category_id,sort_order,created_at,updated_at,created_by) VALUES (10031,1011,'8',31,1.0600,0.1250,0.1250,1.1850,0.9350,false,false,true,NULL,31,NOW(),NOW(),1) ON CONFLICT (part_op_id,balloon_number) DO NOTHING;
INSERT INTO dimensions (id,part_op_id,balloon_number,balloon_sort,nominal_value,tolerance_plus,tolerance_minus,max_value,min_value,is_text_type,is_critical,is_final,category_id,sort_order,created_at,updated_at,created_by) VALUES (10032,1010,'12****',32,5.2520,NULL,NULL,NULL,NULL,false,false,false,NULL,32,NOW(),NOW(),1) ON CONFLICT (part_op_id,balloon_number) DO NOTHING;
INSERT INTO dimensions (id,part_op_id,balloon_number,balloon_sort,nominal_text,is_text_type,is_critical,is_final,category_id,sort_order,created_at,updated_at,created_by) VALUES (10033,1029,'1',33,NULL,true,false,true,NULL,33,NOW(),NOW(),1) ON CONFLICT (part_op_id,balloon_number) DO NOTHING;
INSERT INTO dimensions (id,part_op_id,balloon_number,balloon_sort,nominal_text,is_text_type,is_critical,is_final,category_id,sort_order,created_at,updated_at,created_by) VALUES (10034,1029,'2',34,NULL,true,false,true,NULL,34,NOW(),NOW(),1) ON CONFLICT (part_op_id,balloon_number) DO NOTHING;
INSERT INTO dimensions (id,part_op_id,balloon_number,balloon_sort,nominal_text,is_text_type,is_critical,is_final,category_id,sort_order,created_at,updated_at,created_by) VALUES (10035,1029,'3',35,'45°',true,false,true,NULL,35,NOW(),NOW(),1) ON CONFLICT (part_op_id,balloon_number) DO NOTHING;
INSERT INTO dimensions (id,part_op_id,balloon_number,balloon_sort,nominal_value,tolerance_plus,tolerance_minus,max_value,min_value,is_text_type,is_critical,is_final,category_id,sort_order,created_at,updated_at,created_by) VALUES (10036,1029,'4',36,7.2600,0.0150,0.0150,7.2750,7.2450,false,false,true,NULL,36,NOW(),NOW(),1) ON CONFLICT (part_op_id,balloon_number) DO NOTHING;
INSERT INTO dimensions (id,part_op_id,balloon_number,balloon_sort,nominal_value,tolerance_plus,tolerance_minus,max_value,min_value,is_text_type,is_critical,is_final,category_id,sort_order,created_at,updated_at,created_by) VALUES (10037,1029,'5',37,7.2900,0.0150,0.0150,7.3050,7.2750,false,false,true,NULL,37,NOW(),NOW(),1) ON CONFLICT (part_op_id,balloon_number) DO NOTHING;
INSERT INTO dimensions (id,part_op_id,balloon_number,balloon_sort,nominal_value,tolerance_plus,tolerance_minus,max_value,min_value,is_text_type,is_critical,is_final,category_id,sort_order,created_at,updated_at,created_by) VALUES (10038,1029,'6',38,7.6700,0.0150,0.0150,7.6850,7.6550,false,false,true,NULL,38,NOW(),NOW(),1) ON CONFLICT (part_op_id,balloon_number) DO NOTHING;
INSERT INTO dimensions (id,part_op_id,balloon_number,balloon_sort,nominal_text,is_text_type,is_critical,is_final,category_id,sort_order,created_at,updated_at,created_by) VALUES (10039,1029,'7',39,NULL,true,false,true,NULL,39,NOW(),NOW(),1) ON CONFLICT (part_op_id,balloon_number) DO NOTHING;
INSERT INTO dimensions (id,part_op_id,balloon_number,balloon_sort,nominal_text,is_text_type,is_critical,is_final,category_id,sort_order,created_at,updated_at,created_by) VALUES (10040,1029,'8',40,'45°',true,false,true,NULL,40,NOW(),NOW(),1) ON CONFLICT (part_op_id,balloon_number) DO NOTHING;
INSERT INTO dimensions (id,part_op_id,balloon_number,balloon_sort,nominal_text,is_text_type,is_critical,is_final,category_id,sort_order,created_at,updated_at,created_by) VALUES (10041,1029,'9.1',41,'7.375 OD BAKER STUB ACME THD. 10TPI-STR RH',true,false,true,NULL,41,NOW(),NOW(),1) ON CONFLICT (part_op_id,balloon_number) DO NOTHING;
INSERT INTO dimensions (id,part_op_id,balloon_number,balloon_sort,nominal_text,is_text_type,is_critical,is_final,category_id,sort_order,created_at,updated_at,created_by) VALUES (10042,1029,'9.2',42,'THD. FORM       8-255',true,false,true,NULL,42,NOW(),NOW(),1) ON CONFLICT (part_op_id,balloon_number) DO NOTHING;
INSERT INTO dimensions (id,part_op_id,balloon_number,balloon_sort,nominal_text,is_text_type,is_critical,is_final,category_id,sort_order,created_at,updated_at,created_by) VALUES (10043,1029,'9.3',43,'OVERLAY 8-255',true,false,true,NULL,43,NOW(),NOW(),1) ON CONFLICT (part_op_id,balloon_number) DO NOTHING;
INSERT INTO dimensions (id,part_op_id,balloon_number,balloon_sort,nominal_text,is_text_type,is_critical,is_final,category_id,sort_order,created_at,updated_at,created_by) VALUES (10044,1029,'9.4',44,'HƯỚNG REN PHẢI',true,false,true,NULL,44,NOW(),NOW(),1) ON CONFLICT (part_op_id,balloon_number) DO NOTHING;
INSERT INTO dimensions (id,part_op_id,balloon_number,balloon_sort,nominal_text,is_text_type,is_critical,is_final,category_id,sort_order,created_at,updated_at,created_by) VALUES (10045,1029,'10',45,'75°',true,false,true,NULL,45,NOW(),NOW(),1) ON CONFLICT (part_op_id,balloon_number) DO NOTHING;
INSERT INTO dimensions (id,part_op_id,balloon_number,balloon_sort,nominal_value,tolerance_plus,tolerance_minus,max_value,min_value,is_text_type,is_critical,is_final,category_id,sort_order,created_at,updated_at,created_by) VALUES (10046,1029,'11',46,0.3000,0.0300,0.0300,0.3300,0.2700,false,false,true,NULL,46,NOW(),NOW(),1) ON CONFLICT (part_op_id,balloon_number) DO NOTHING;
INSERT INTO dimensions (id,part_op_id,balloon_number,balloon_sort,nominal_text,is_text_type,is_critical,is_final,category_id,sort_order,created_at,updated_at,created_by) VALUES (10047,1029,'12',47,'30°',true,false,true,NULL,47,NOW(),NOW(),1) ON CONFLICT (part_op_id,balloon_number) DO NOTHING;
INSERT INTO dimensions (id,part_op_id,balloon_number,balloon_sort,nominal_text,is_text_type,is_critical,is_final,category_id,sort_order,created_at,updated_at,created_by) VALUES (10048,1029,'13',48,NULL,true,false,true,NULL,48,NOW(),NOW(),1) ON CONFLICT (part_op_id,balloon_number) DO NOTHING;
INSERT INTO dimensions (id,part_op_id,balloon_number,balloon_sort,nominal_value,tolerance_plus,tolerance_minus,max_value,min_value,is_text_type,is_critical,is_final,category_id,sort_order,created_at,updated_at,created_by) VALUES (10049,1029,'14',49,2.0400,0.0150,0.0150,2.0550,2.0250,false,false,true,NULL,49,NOW(),NOW(),1) ON CONFLICT (part_op_id,balloon_number) DO NOTHING;
INSERT INTO dimensions (id,part_op_id,balloon_number,balloon_sort,nominal_value,tolerance_plus,tolerance_minus,max_value,min_value,is_text_type,is_critical,is_final,category_id,sort_order,created_at,updated_at,created_by) VALUES (10050,1029,'15',50,0.0600,0.0300,0.0300,0.0900,0.0300,false,false,true,NULL,50,NOW(),NOW(),1) ON CONFLICT (part_op_id,balloon_number) DO NOTHING;
INSERT INTO dimensions (id,part_op_id,balloon_number,balloon_sort,nominal_value,tolerance_plus,tolerance_minus,max_value,min_value,is_text_type,is_critical,is_final,category_id,sort_order,created_at,updated_at,created_by) VALUES (10051,1029,'16',51,0.6000,0.0300,0.0300,0.6300,0.5700,false,false,true,NULL,51,NOW(),NOW(),1) ON CONFLICT (part_op_id,balloon_number) DO NOTHING;
INSERT INTO dimensions (id,part_op_id,balloon_number,balloon_sort,nominal_value,tolerance_plus,tolerance_minus,max_value,min_value,is_text_type,is_critical,is_final,category_id,sort_order,created_at,updated_at,created_by) VALUES (10052,1029,'17',52,0.0300,0.0150,0.0150,0.0450,0.0150,false,false,true,NULL,52,NOW(),NOW(),1) ON CONFLICT (part_op_id,balloon_number) DO NOTHING;
INSERT INTO dimensions (id,part_op_id,balloon_number,balloon_sort,nominal_text,is_text_type,is_critical,is_final,category_id,sort_order,created_at,updated_at,created_by) VALUES (10053,1029,'18',53,NULL,true,false,true,NULL,53,NOW(),NOW(),1) ON CONFLICT (part_op_id,balloon_number) DO NOTHING;
INSERT INTO dimensions (id,part_op_id,balloon_number,balloon_sort,nominal_value,tolerance_plus,tolerance_minus,max_value,min_value,is_text_type,is_critical,is_final,category_id,sort_order,created_at,updated_at,created_by) VALUES (10054,1005,'13*',54,5.6500,0.0100,0.0100,5.6600,5.6400,false,false,false,NULL,54,NOW(),NOW(),1) ON CONFLICT (part_op_id,balloon_number) DO NOTHING;
INSERT INTO dimensions (id,part_op_id,balloon_number,balloon_sort,nominal_value,tolerance_plus,tolerance_minus,max_value,min_value,is_text_type,is_critical,is_final,category_id,sort_order,created_at,updated_at,created_by) VALUES (10055,1005,'37*',55,2.0000,0.0100,0.0100,2.0100,1.9900,false,false,false,NULL,55,NOW(),NOW(),1) ON CONFLICT (part_op_id,balloon_number) DO NOTHING;
INSERT INTO dimensions (id,part_op_id,balloon_number,balloon_sort,nominal_value,tolerance_plus,tolerance_minus,max_value,min_value,is_text_type,is_critical,is_final,category_id,sort_order,created_at,updated_at,created_by) VALUES (10056,1005,'28*',56,34.4500,0.0100,0.0100,34.4600,34.4400,false,false,false,NULL,56,NOW(),NOW(),1) ON CONFLICT (part_op_id,balloon_number) DO NOTHING;
INSERT INTO dimensions (id,part_op_id,balloon_number,balloon_sort,nominal_value,tolerance_plus,tolerance_minus,max_value,min_value,is_text_type,is_critical,is_final,category_id,sort_order,created_at,updated_at,created_by) VALUES (10057,1037,'14',57,27.2500,0.0300,0.0300,27.2800,27.2200,false,false,true,NULL,57,NOW(),NOW(),1) ON CONFLICT (part_op_id,balloon_number) DO NOTHING;
INSERT INTO dimensions (id,part_op_id,balloon_number,balloon_sort,nominal_text,is_text_type,is_critical,is_final,category_id,sort_order,created_at,updated_at,created_by) VALUES (10058,1038,'1',58,NULL,true,false,true,NULL,58,NOW(),NOW(),1) ON CONFLICT (part_op_id,balloon_number) DO NOTHING;
INSERT INTO dimensions (id,part_op_id,balloon_number,balloon_sort,nominal_text,is_text_type,is_critical,is_final,category_id,sort_order,created_at,updated_at,created_by) VALUES (10059,1038,'2',59,NULL,true,false,true,NULL,59,NOW(),NOW(),1) ON CONFLICT (part_op_id,balloon_number) DO NOTHING;
INSERT INTO dimensions (id,part_op_id,balloon_number,balloon_sort,nominal_value,tolerance_plus,tolerance_minus,max_value,min_value,is_text_type,is_critical,is_final,category_id,sort_order,created_at,updated_at,created_by) VALUES (10060,1038,'6.1',60,1.5000,0.0300,0.0300,1.5300,1.4700,false,false,false,NULL,60,NOW(),NOW(),1) ON CONFLICT (part_op_id,balloon_number) DO NOTHING;
INSERT INTO dimensions (id,part_op_id,balloon_number,balloon_sort,nominal_value,tolerance_plus,tolerance_minus,max_value,min_value,is_text_type,is_critical,is_final,category_id,sort_order,created_at,updated_at,created_by) VALUES (10061,1038,'8',61,0.0600,0.0100,0.0100,0.0700,0.0500,false,false,true,NULL,61,NOW(),NOW(),1) ON CONFLICT (part_op_id,balloon_number) DO NOTHING;
INSERT INTO dimensions (id,part_op_id,balloon_number,balloon_sort,nominal_text,is_text_type,is_critical,is_final,category_id,sort_order,created_at,updated_at,created_by) VALUES (10062,1038,'9',62,'45°',true,false,true,NULL,62,NOW(),NOW(),1) ON CONFLICT (part_op_id,balloon_number) DO NOTHING;
INSERT INTO dimensions (id,part_op_id,balloon_number,balloon_sort,nominal_value,tolerance_plus,tolerance_minus,max_value,min_value,is_text_type,is_critical,is_final,category_id,sort_order,created_at,updated_at,created_by) VALUES (10063,1038,'11',63,0.1900,0.0300,0.0300,0.2200,0.1600,false,false,true,NULL,63,NOW(),NOW(),1) ON CONFLICT (part_op_id,balloon_number) DO NOTHING;
INSERT INTO dimensions (id,part_op_id,balloon_number,balloon_sort,nominal_value,tolerance_plus,tolerance_minus,max_value,min_value,is_text_type,is_critical,is_final,category_id,sort_order,created_at,updated_at,created_by) VALUES (10064,1038,'12',64,1.5000,0.0150,0.0150,1.5150,1.4850,false,false,true,NULL,64,NOW(),NOW(),1) ON CONFLICT (part_op_id,balloon_number) DO NOTHING;
INSERT INTO dimensions (id,part_op_id,balloon_number,balloon_sort,nominal_text,is_text_type,is_critical,is_final,category_id,sort_order,created_at,updated_at,created_by) VALUES (10065,1038,'20.1',65,NULL,true,false,false,NULL,65,NOW(),NOW(),1) ON CONFLICT (part_op_id,balloon_number) DO NOTHING;
INSERT INTO dimensions (id,part_op_id,balloon_number,balloon_sort,nominal_text,is_text_type,is_critical,is_final,category_id,sort_order,created_at,updated_at,created_by) VALUES (10066,1038,'21.1',66,NULL,true,false,false,NULL,66,NOW(),NOW(),1) ON CONFLICT (part_op_id,balloon_number) DO NOTHING;
INSERT INTO dimensions (id,part_op_id,balloon_number,balloon_sort,nominal_text,is_text_type,is_critical,is_final,category_id,sort_order,created_at,updated_at,created_by) VALUES (10067,1038,'22.1',67,NULL,true,false,false,NULL,67,NOW(),NOW(),1) ON CONFLICT (part_op_id,balloon_number) DO NOTHING;
INSERT INTO dimensions (id,part_op_id,balloon_number,balloon_sort,nominal_text,is_text_type,is_critical,is_final,category_id,sort_order,created_at,updated_at,created_by) VALUES (10068,1038,'23.1',68,NULL,true,false,false,NULL,68,NOW(),NOW(),1) ON CONFLICT (part_op_id,balloon_number) DO NOTHING;
INSERT INTO dimensions (id,part_op_id,balloon_number,balloon_sort,nominal_text,is_text_type,is_critical,is_final,category_id,sort_order,created_at,updated_at,created_by) VALUES (10069,1038,'10',69,'1.000-8 NATIONAL -RH',true,false,true,NULL,69,NOW(),NOW(),1) ON CONFLICT (part_op_id,balloon_number) DO NOTHING;
INSERT INTO dimensions (id,part_op_id,balloon_number,balloon_sort,nominal_text,is_text_type,is_critical,is_final,category_id,sort_order,created_at,updated_at,created_by) VALUES (10070,1038,'10.1',70,'THD. FORM UN',true,false,false,NULL,70,NOW(),NOW(),1) ON CONFLICT (part_op_id,balloon_number) DO NOTHING;
INSERT INTO dimensions (id,part_op_id,balloon_number,balloon_sort,nominal_value,tolerance_plus,tolerance_minus,max_value,min_value,is_text_type,is_critical,is_final,category_id,sort_order,created_at,updated_at,created_by) VALUES (10071,1039,'3',71,0.9850,0.0150,0.0150,1.0000,0.9700,false,false,true,NULL,71,NOW(),NOW(),1) ON CONFLICT (part_op_id,balloon_number) DO NOTHING;
INSERT INTO dimensions (id,part_op_id,balloon_number,balloon_sort,nominal_value,tolerance_plus,tolerance_minus,max_value,min_value,is_text_type,is_critical,is_final,category_id,sort_order,created_at,updated_at,created_by) VALUES (10072,1039,'4',72,0.3750,0.0150,0.0150,0.3900,0.3600,false,false,true,NULL,72,NOW(),NOW(),1) ON CONFLICT (part_op_id,balloon_number) DO NOTHING;
INSERT INTO dimensions (id,part_op_id,balloon_number,balloon_sort,nominal_text,is_text_type,is_critical,is_final,category_id,sort_order,created_at,updated_at,created_by) VALUES (10073,1039,'5',73,NULL,true,false,true,NULL,73,NOW(),NOW(),1) ON CONFLICT (part_op_id,balloon_number) DO NOTHING;
INSERT INTO dimensions (id,part_op_id,balloon_number,balloon_sort,nominal_value,tolerance_plus,tolerance_minus,max_value,min_value,is_text_type,is_critical,is_final,category_id,sort_order,created_at,updated_at,created_by) VALUES (10074,1039,'6',74,1.5000,0.0300,0.0300,1.5300,1.4700,false,false,true,NULL,74,NOW(),NOW(),1) ON CONFLICT (part_op_id,balloon_number) DO NOTHING;
INSERT INTO dimensions (id,part_op_id,balloon_number,balloon_sort,nominal_value,tolerance_plus,tolerance_minus,max_value,min_value,is_text_type,is_critical,is_final,category_id,sort_order,created_at,updated_at,created_by) VALUES (10075,1039,'13',75,24.0000,0.0300,0.0300,24.0300,23.9700,false,false,true,NULL,75,NOW(),NOW(),1) ON CONFLICT (part_op_id,balloon_number) DO NOTHING;
INSERT INTO dimensions (id,part_op_id,balloon_number,balloon_sort,nominal_text,is_text_type,is_critical,is_final,category_id,sort_order,created_at,updated_at,created_by) VALUES (10076,1039,'15',76,'30°',true,false,true,NULL,76,NOW(),NOW(),1) ON CONFLICT (part_op_id,balloon_number) DO NOTHING;
INSERT INTO dimensions (id,part_op_id,balloon_number,balloon_sort,nominal_value,tolerance_plus,tolerance_minus,max_value,min_value,is_text_type,is_critical,is_final,category_id,sort_order,created_at,updated_at,created_by) VALUES (10077,1039,'16',77,0.1300,0.0300,0.0300,0.1600,0.1000,false,false,true,NULL,77,NOW(),NOW(),1) ON CONFLICT (part_op_id,balloon_number) DO NOTHING;
INSERT INTO dimensions (id,part_op_id,balloon_number,balloon_sort,nominal_value,tolerance_plus,tolerance_minus,max_value,min_value,is_text_type,is_critical,is_final,category_id,sort_order,created_at,updated_at,created_by) VALUES (10078,1039,'17',78,1.7500,0.0150,0.0150,1.7650,1.7350,false,false,true,NULL,78,NOW(),NOW(),1) ON CONFLICT (part_op_id,balloon_number) DO NOTHING;
INSERT INTO dimensions (id,part_op_id,balloon_number,balloon_sort,nominal_value,tolerance_plus,tolerance_minus,max_value,min_value,is_text_type,is_critical,is_final,category_id,sort_order,created_at,updated_at,created_by) VALUES (10079,1039,'18',79,0.8000,0.0150,0.0150,0.8150,0.7850,false,false,true,NULL,79,NOW(),NOW(),1) ON CONFLICT (part_op_id,balloon_number) DO NOTHING;
INSERT INTO dimensions (id,part_op_id,balloon_number,balloon_sort,nominal_value,tolerance_plus,tolerance_minus,max_value,min_value,is_text_type,is_critical,is_final,category_id,sort_order,created_at,updated_at,created_by) VALUES (10080,1039,'19',80,0.1500,0.0150,0.0150,0.1650,0.1350,false,false,true,NULL,80,NOW(),NOW(),1) ON CONFLICT (part_op_id,balloon_number) DO NOTHING;
INSERT INTO dimensions (id,part_op_id,balloon_number,balloon_sort,nominal_text,is_text_type,is_critical,is_final,category_id,sort_order,created_at,updated_at,created_by) VALUES (10081,1039,'20',81,NULL,true,false,true,NULL,81,NOW(),NOW(),1) ON CONFLICT (part_op_id,balloon_number) DO NOTHING;
INSERT INTO dimensions (id,part_op_id,balloon_number,balloon_sort,nominal_text,is_text_type,is_critical,is_final,category_id,sort_order,created_at,updated_at,created_by) VALUES (10082,1039,'21',82,NULL,true,false,true,NULL,82,NOW(),NOW(),1) ON CONFLICT (part_op_id,balloon_number) DO NOTHING;
INSERT INTO dimensions (id,part_op_id,balloon_number,balloon_sort,nominal_text,is_text_type,is_critical,is_final,category_id,sort_order,created_at,updated_at,created_by) VALUES (10083,1039,'22',83,NULL,true,false,true,NULL,83,NOW(),NOW(),1) ON CONFLICT (part_op_id,balloon_number) DO NOTHING;
INSERT INTO dimensions (id,part_op_id,balloon_number,balloon_sort,nominal_text,is_text_type,is_critical,is_final,category_id,sort_order,created_at,updated_at,created_by) VALUES (10084,1039,'23',84,NULL,true,false,true,NULL,84,NOW(),NOW(),1) ON CONFLICT (part_op_id,balloon_number) DO NOTHING;
INSERT INTO dimensions (id,part_op_id,balloon_number,balloon_sort,nominal_text,is_text_type,is_critical,is_final,category_id,sort_order,created_at,updated_at,created_by) VALUES (10085,1038,'10.2',85,'Functional Roll',true,false,false,NULL,85,NOW(),NOW(),1) ON CONFLICT (part_op_id,balloon_number) DO NOTHING;
INSERT INTO dimensions (id,part_op_id,balloon_number,balloon_sort,nominal_text,is_text_type,is_critical,is_final,category_id,sort_order,created_at,updated_at,created_by) VALUES (10086,1038,'10.3',86,'Pitch Diameter',true,false,false,NULL,86,NOW(),NOW(),1) ON CONFLICT (part_op_id,balloon_number) DO NOTHING;
INSERT INTO dimensions (id,part_op_id,balloon_number,balloon_sort,nominal_text,is_text_type,is_critical,is_final,category_id,sort_order,created_at,updated_at,created_by) VALUES (10087,1038,'10.4',87,'Major Diameter',true,false,false,NULL,87,NOW(),NOW(),1) ON CONFLICT (part_op_id,balloon_number) DO NOTHING;
INSERT INTO dimensions (id,part_op_id,balloon_number,balloon_sort,nominal_text,is_text_type,is_critical,is_final,category_id,sort_order,created_at,updated_at,created_by) VALUES (10088,1038,'10.5',88,'Profile Thread',true,false,false,NULL,88,NOW(),NOW(),1) ON CONFLICT (part_op_id,balloon_number) DO NOTHING;
INSERT INTO dimensions (id,part_op_id,balloon_number,balloon_sort,nominal_text,is_text_type,is_critical,is_final,category_id,sort_order,created_at,updated_at,created_by) VALUES (10089,1038,'10.6',89,'Visual Inspection',true,false,false,NULL,89,NOW(),NOW(),1) ON CONFLICT (part_op_id,balloon_number) DO NOTHING;
INSERT INTO dimensions (id,part_op_id,balloon_number,balloon_sort,nominal_text,is_text_type,is_critical,is_final,category_id,sort_order,created_at,updated_at,created_by) VALUES (10090,1042,'6*',90,NULL,true,false,false,NULL,90,NOW(),NOW(),1) ON CONFLICT (part_op_id,balloon_number) DO NOTHING;
INSERT INTO dimensions (id,part_op_id,balloon_number,balloon_sort,nominal_text,is_text_type,is_critical,is_final,category_id,sort_order,created_at,updated_at,created_by) VALUES (10091,1042,'3*',91,NULL,true,false,false,NULL,91,NOW(),NOW(),1) ON CONFLICT (part_op_id,balloon_number) DO NOTHING;
INSERT INTO dimensions (id,part_op_id,balloon_number,balloon_sort,nominal_value,tolerance_plus,tolerance_minus,max_value,min_value,is_text_type,is_critical,is_final,category_id,sort_order,created_at,updated_at,created_by) VALUES (10092,1020,'1',92,4.0100,0.0150,0.0150,4.0250,3.9950,false,false,true,NULL,92,NOW(),NOW(),1) ON CONFLICT (part_op_id,balloon_number) DO NOTHING;
INSERT INTO dimensions (id,part_op_id,balloon_number,balloon_sort,nominal_text,is_text_type,is_critical,is_final,category_id,sort_order,created_at,updated_at,created_by) VALUES (10093,1020,'2',93,'45°',true,false,true,NULL,93,NOW(),NOW(),1) ON CONFLICT (part_op_id,balloon_number) DO NOTHING;
INSERT INTO dimensions (id,part_op_id,balloon_number,balloon_sort,nominal_value,tolerance_plus,tolerance_minus,max_value,min_value,is_text_type,is_critical,is_final,category_id,sort_order,created_at,updated_at,created_by) VALUES (10094,1020,'3',94,3.6300,0.0150,0.0150,3.6450,3.6150,false,false,true,NULL,94,NOW(),NOW(),1) ON CONFLICT (part_op_id,balloon_number) DO NOTHING;
INSERT INTO dimensions (id,part_op_id,balloon_number,balloon_sort,nominal_value,tolerance_plus,tolerance_minus,max_value,min_value,is_text_type,is_critical,is_final,category_id,sort_order,created_at,updated_at,created_by) VALUES (10095,1020,'4',95,4.2500,0.0050,0.0050,4.2550,4.2450,false,false,true,NULL,95,NOW(),NOW(),1) ON CONFLICT (part_op_id,balloon_number) DO NOTHING;
INSERT INTO dimensions (id,part_op_id,balloon_number,balloon_sort,nominal_value,tolerance_plus,tolerance_minus,max_value,min_value,is_text_type,is_critical,is_final,category_id,sort_order,created_at,updated_at,created_by) VALUES (10096,1020,'5',96,0.0700,0.0150,0.0150,0.0850,0.0550,false,false,true,NULL,96,NOW(),NOW(),1) ON CONFLICT (part_op_id,balloon_number) DO NOTHING;
INSERT INTO dimensions (id,part_op_id,balloon_number,balloon_sort,nominal_value,tolerance_plus,tolerance_minus,max_value,min_value,is_text_type,is_critical,is_final,category_id,sort_order,created_at,updated_at,created_by) VALUES (10097,1020,'6',97,0.7400,0.0150,0.0150,0.7550,0.7250,false,false,true,NULL,97,NOW(),NOW(),1) ON CONFLICT (part_op_id,balloon_number) DO NOTHING;
INSERT INTO dimensions (id,part_op_id,balloon_number,balloon_sort,nominal_text,is_text_type,is_critical,is_final,category_id,sort_order,created_at,updated_at,created_by) VALUES (10098,1020,'7',98,'20°',true,false,true,NULL,98,NOW(),NOW(),1) ON CONFLICT (part_op_id,balloon_number) DO NOTHING;
INSERT INTO dimensions (id,part_op_id,balloon_number,balloon_sort,nominal_value,tolerance_plus,tolerance_minus,max_value,min_value,is_text_type,is_critical,is_final,category_id,sort_order,created_at,updated_at,created_by) VALUES (10099,1020,'8',99,0.1250,0.0050,0.0050,0.1300,0.1200,false,false,true,NULL,99,NOW(),NOW(),1) ON CONFLICT (part_op_id,balloon_number) DO NOTHING;
INSERT INTO dimensions (id,part_op_id,balloon_number,balloon_sort,nominal_text,is_text_type,is_critical,is_final,category_id,sort_order,created_at,updated_at,created_by) VALUES (10100,1020,'9',100,'15°',true,false,true,NULL,100,NOW(),NOW(),1) ON CONFLICT (part_op_id,balloon_number) DO NOTHING;
INSERT INTO dimensions (id,part_op_id,balloon_number,balloon_sort,nominal_text,is_text_type,is_critical,is_final,category_id,sort_order,created_at,updated_at,created_by) VALUES (10101,1020,'10.1',101,'4.250 OD BUTTRESS THD 8 TPI',true,false,true,NULL,101,NOW(),NOW(),1) ON CONFLICT (part_op_id,balloon_number) DO NOTHING;
INSERT INTO dimensions (id,part_op_id,balloon_number,balloon_sort,nominal_text,is_text_type,is_critical,is_final,category_id,sort_order,created_at,updated_at,created_by) VALUES (10102,1020,'10.2',102,'HƯỚNG REN PHẢI',true,false,true,NULL,102,NOW(),NOW(),1) ON CONFLICT (part_op_id,balloon_number) DO NOTHING;
INSERT INTO dimensions (id,part_op_id,balloon_number,balloon_sort,nominal_text,is_text_type,is_critical,is_final,category_id,sort_order,created_at,updated_at,created_by) VALUES (10103,1020,'18',103,'Rq',true,false,true,NULL,103,NOW(),NOW(),1) ON CONFLICT (part_op_id,balloon_number) DO NOTHING;
INSERT INTO dimensions (id,part_op_id,balloon_number,balloon_sort,nominal_text,is_text_type,is_critical,is_final,category_id,sort_order,created_at,updated_at,created_by) VALUES (10104,1020,'19',104,'Rq',true,false,true,NULL,104,NOW(),NOW(),1) ON CONFLICT (part_op_id,balloon_number) DO NOTHING;
INSERT INTO dimensions (id,part_op_id,balloon_number,balloon_sort,nominal_value,tolerance_plus,tolerance_minus,max_value,min_value,is_text_type,is_critical,is_final,category_id,sort_order,created_at,updated_at,created_by) VALUES (10105,1021,'11',105,0.4400,0.0300,0.0300,0.4700,0.4100,false,false,true,NULL,105,NOW(),NOW(),1) ON CONFLICT (part_op_id,balloon_number) DO NOTHING;
INSERT INTO dimensions (id,part_op_id,balloon_number,balloon_sort,nominal_value,tolerance_plus,tolerance_minus,max_value,min_value,is_text_type,is_critical,is_final,category_id,sort_order,created_at,updated_at,created_by) VALUES (10106,1021,'12',106,0.8800,0.0150,0.0150,0.8950,0.8650,false,false,true,NULL,106,NOW(),NOW(),1) ON CONFLICT (part_op_id,balloon_number) DO NOTHING;
INSERT INTO dimensions (id,part_op_id,balloon_number,balloon_sort,nominal_text,is_text_type,is_critical,is_final,category_id,sort_order,created_at,updated_at,created_by) VALUES (10107,1021,'20',107,'SAW CUT 1 PLACE AS SHOW',true,false,true,NULL,107,NOW(),NOW(),1) ON CONFLICT (part_op_id,balloon_number) DO NOTHING;
INSERT INTO dimensions (id,part_op_id,balloon_number,balloon_sort,nominal_value,tolerance_plus,tolerance_minus,max_value,min_value,is_text_type,is_critical,is_final,category_id,sort_order,created_at,updated_at,created_by) VALUES (10108,1048,'1',108,0.5080,0.0040,0.0040,0.5120,0.5040,false,false,true,NULL,108,NOW(),NOW(),1) ON CONFLICT (part_op_id,balloon_number) DO NOTHING;
INSERT INTO dimensions (id,part_op_id,balloon_number,balloon_sort,nominal_value,tolerance_plus,tolerance_minus,max_value,min_value,is_text_type,is_critical,is_final,category_id,sort_order,created_at,updated_at,created_by) VALUES (10109,1048,'8.1',109,0.5000,0.0100,0.0100,0.5100,0.4900,false,false,true,NULL,109,NOW(),NOW(),1) ON CONFLICT (part_op_id,balloon_number) DO NOTHING;
INSERT INTO dimensions (id,part_op_id,balloon_number,balloon_sort,nominal_value,tolerance_plus,tolerance_minus,max_value,min_value,is_text_type,is_critical,is_final,category_id,sort_order,created_at,updated_at,created_by) VALUES (10110,1048,'9',110,0.7700,0.0100,0.0100,0.7800,0.7600,false,false,true,NULL,110,NOW(),NOW(),1) ON CONFLICT (part_op_id,balloon_number) DO NOTHING;
INSERT INTO dimensions (id,part_op_id,balloon_number,balloon_sort,nominal_value,tolerance_plus,tolerance_minus,max_value,min_value,is_text_type,is_critical,is_final,category_id,sort_order,created_at,updated_at,created_by) VALUES (10111,1048,'12',111,1.8750,0.0050,0.0050,1.8800,1.8700,false,false,true,NULL,111,NOW(),NOW(),1) ON CONFLICT (part_op_id,balloon_number) DO NOTHING;
INSERT INTO dimensions (id,part_op_id,balloon_number,balloon_sort,nominal_text,is_text_type,is_critical,is_final,category_id,sort_order,created_at,updated_at,created_by) VALUES (10112,1048,'13',112,'30°',true,false,true,NULL,112,NOW(),NOW(),1) ON CONFLICT (part_op_id,balloon_number) DO NOTHING;
INSERT INTO dimensions (id,part_op_id,balloon_number,balloon_sort,nominal_value,tolerance_plus,tolerance_minus,max_value,min_value,is_text_type,is_critical,is_final,category_id,sort_order,created_at,updated_at,created_by) VALUES (10113,1048,'14',113,0.0400,0.0100,0.0100,0.0500,0.0300,false,false,true,NULL,113,NOW(),NOW(),1) ON CONFLICT (part_op_id,balloon_number) DO NOTHING;
INSERT INTO dimensions (id,part_op_id,balloon_number,balloon_sort,nominal_value,tolerance_plus,tolerance_minus,max_value,min_value,is_text_type,is_critical,is_final,category_id,sort_order,created_at,updated_at,created_by) VALUES (10114,1048,'17.1',114,0.4250,0.0030,0.0030,0.4280,0.4220,false,false,true,NULL,114,NOW(),NOW(),1) ON CONFLICT (part_op_id,balloon_number) DO NOTHING;
INSERT INTO dimensions (id,part_op_id,balloon_number,balloon_sort,nominal_text,is_text_type,is_critical,is_final,category_id,sort_order,created_at,updated_at,created_by) VALUES (10115,1048,'20',115,'Ra',true,false,true,NULL,115,NOW(),NOW(),1) ON CONFLICT (part_op_id,balloon_number) DO NOTHING;
INSERT INTO dimensions (id,part_op_id,balloon_number,balloon_sort,nominal_value,tolerance_plus,tolerance_minus,max_value,min_value,is_text_type,is_critical,is_final,category_id,sort_order,created_at,updated_at,created_by) VALUES (10116,1048,'21',116,0.2540,0.0050,0.0050,0.2590,0.2490,false,false,true,NULL,116,NOW(),NOW(),1) ON CONFLICT (part_op_id,balloon_number) DO NOTHING;
INSERT INTO dimensions (id,part_op_id,balloon_number,balloon_sort,nominal_value,tolerance_plus,tolerance_minus,max_value,min_value,is_text_type,is_critical,is_final,category_id,sort_order,created_at,updated_at,created_by) VALUES (10117,1048,'28',117,0.5630,0.0050,0.0050,0.5680,0.5580,false,false,true,NULL,117,NOW(),NOW(),1) ON CONFLICT (part_op_id,balloon_number) DO NOTHING;
INSERT INTO dimensions (id,part_op_id,balloon_number,balloon_sort,nominal_text,is_text_type,is_critical,is_final,category_id,sort_order,created_at,updated_at,created_by) VALUES (10118,1048,'32',118,'Lam sach bavia',true,false,true,NULL,118,NOW(),NOW(),1) ON CONFLICT (part_op_id,balloon_number) DO NOTHING;
INSERT INTO dimensions (id,part_op_id,balloon_number,balloon_sort,nominal_text,is_text_type,is_critical,is_final,category_id,sort_order,created_at,updated_at,created_by) VALUES (10119,1048,'33',119,NULL,true,false,true,NULL,119,NOW(),NOW(),1) ON CONFLICT (part_op_id,balloon_number) DO NOTHING;
INSERT INTO dimensions (id,part_op_id,balloon_number,balloon_sort,nominal_text,is_text_type,is_critical,is_final,category_id,sort_order,created_at,updated_at,created_by) VALUES (10120,1048,'34',120,'Ra',true,false,true,NULL,120,NOW(),NOW(),1) ON CONFLICT (part_op_id,balloon_number) DO NOTHING;
INSERT INTO dimensions (id,part_op_id,balloon_number,balloon_sort,nominal_value,tolerance_plus,tolerance_minus,max_value,min_value,is_text_type,is_critical,is_final,category_id,sort_order,created_at,updated_at,created_by) VALUES (10121,1049,'2',121,0.3720,0.0020,0.0020,0.3740,0.3700,false,false,true,NULL,121,NOW(),NOW(),1) ON CONFLICT (part_op_id,balloon_number) DO NOTHING;
INSERT INTO dimensions (id,part_op_id,balloon_number,balloon_sort,nominal_text,is_text_type,is_critical,is_final,category_id,sort_order,created_at,updated_at,created_by) VALUES (10122,1049,'3',122,NULL,true,false,true,NULL,122,NOW(),NOW(),1) ON CONFLICT (part_op_id,balloon_number) DO NOTHING;
INSERT INTO dimensions (id,part_op_id,balloon_number,balloon_sort,nominal_text,is_text_type,is_critical,is_final,category_id,sort_order,created_at,updated_at,created_by) VALUES (10123,1049,'4',123,'15°',true,false,true,NULL,123,NOW(),NOW(),1) ON CONFLICT (part_op_id,balloon_number) DO NOTHING;
INSERT INTO dimensions (id,part_op_id,balloon_number,balloon_sort,nominal_value,tolerance_plus,tolerance_minus,max_value,min_value,is_text_type,is_critical,is_final,category_id,sort_order,created_at,updated_at,created_by) VALUES (10124,1049,'5',124,0.1540,0.0050,0.0050,0.1590,0.1490,false,false,true,NULL,124,NOW(),NOW(),1) ON CONFLICT (part_op_id,balloon_number) DO NOTHING;
INSERT INTO dimensions (id,part_op_id,balloon_number,balloon_sort,nominal_value,tolerance_plus,tolerance_minus,max_value,min_value,is_text_type,is_critical,is_final,category_id,sort_order,created_at,updated_at,created_by) VALUES (10125,1049,'6',125,0.2700,0.0050,0.0050,0.2750,0.2650,false,false,true,NULL,125,NOW(),NOW(),1) ON CONFLICT (part_op_id,balloon_number) DO NOTHING;
INSERT INTO dimensions (id,part_op_id,balloon_number,balloon_sort,nominal_value,tolerance_plus,tolerance_minus,max_value,min_value,is_text_type,is_critical,is_final,category_id,sort_order,created_at,updated_at,created_by) VALUES (10126,1049,'7',126,0.3750,0.0050,0.0050,0.3800,0.3700,false,false,true,NULL,126,NOW(),NOW(),1) ON CONFLICT (part_op_id,balloon_number) DO NOTHING;
INSERT INTO dimensions (id,part_op_id,balloon_number,balloon_sort,nominal_value,tolerance_plus,tolerance_minus,max_value,min_value,is_text_type,is_critical,is_final,category_id,sort_order,created_at,updated_at,created_by) VALUES (10127,1049,'8.2',127,0.5000,0.0100,0.0100,0.5100,0.4900,false,false,true,NULL,127,NOW(),NOW(),1) ON CONFLICT (part_op_id,balloon_number) DO NOTHING;
INSERT INTO dimensions (id,part_op_id,balloon_number,balloon_sort,nominal_value,tolerance_plus,tolerance_minus,max_value,min_value,is_text_type,is_critical,is_final,category_id,sort_order,created_at,updated_at,created_by) VALUES (10128,1049,'10',128,0.8300,0.0100,0.0100,0.8400,0.8200,false,false,true,NULL,128,NOW(),NOW(),1) ON CONFLICT (part_op_id,balloon_number) DO NOTHING;
INSERT INTO dimensions (id,part_op_id,balloon_number,balloon_sort,nominal_value,tolerance_plus,tolerance_minus,max_value,min_value,is_text_type,is_critical,is_final,category_id,sort_order,created_at,updated_at,created_by) VALUES (10129,1049,'11',129,0.9600,0.0100,0.0100,0.9700,0.9500,false,false,true,NULL,129,NOW(),NOW(),1) ON CONFLICT (part_op_id,balloon_number) DO NOTHING;
INSERT INTO dimensions (id,part_op_id,balloon_number,balloon_sort,nominal_value,tolerance_plus,tolerance_minus,max_value,min_value,is_text_type,is_critical,is_final,category_id,sort_order,created_at,updated_at,created_by) VALUES (10130,1049,'15',130,0.2810,0.0050,0.0050,0.2860,0.2760,false,false,true,NULL,130,NOW(),NOW(),1) ON CONFLICT (part_op_id,balloon_number) DO NOTHING;
INSERT INTO dimensions (id,part_op_id,balloon_number,balloon_sort,nominal_text,is_text_type,is_critical,is_final,category_id,sort_order,created_at,updated_at,created_by) VALUES (10131,1049,'16',131,'60°',true,false,true,NULL,131,NOW(),NOW(),1) ON CONFLICT (part_op_id,balloon_number) DO NOTHING;
INSERT INTO dimensions (id,part_op_id,balloon_number,balloon_sort,nominal_value,tolerance_plus,tolerance_minus,max_value,min_value,is_text_type,is_critical,is_final,category_id,sort_order,created_at,updated_at,created_by) VALUES (10132,1049,'17.2',132,0.4250,0.0030,0.0030,0.4280,0.4220,false,false,true,NULL,132,NOW(),NOW(),1) ON CONFLICT (part_op_id,balloon_number) DO NOTHING;
INSERT INTO dimensions (id,part_op_id,balloon_number,balloon_sort,nominal_value,tolerance_plus,tolerance_minus,max_value,min_value,is_text_type,is_critical,is_final,category_id,sort_order,created_at,updated_at,created_by) VALUES (10133,1049,'18',133,0.3100,0.0050,0.0050,0.3150,0.3050,false,false,true,NULL,133,NOW(),NOW(),1) ON CONFLICT (part_op_id,balloon_number) DO NOTHING;
INSERT INTO dimensions (id,part_op_id,balloon_number,balloon_sort,nominal_value,tolerance_plus,tolerance_minus,max_value,min_value,is_text_type,is_critical,is_final,category_id,sort_order,created_at,updated_at,created_by) VALUES (10134,1049,'19',134,0.2150,0.0030,0.0030,0.2180,0.2120,false,false,true,NULL,134,NOW(),NOW(),1) ON CONFLICT (part_op_id,balloon_number) DO NOTHING;
INSERT INTO dimensions (id,part_op_id,balloon_number,balloon_sort,nominal_text,is_text_type,is_critical,is_final,category_id,sort_order,created_at,updated_at,created_by) VALUES (10135,1049,'22',135,'Ra',true,false,true,NULL,135,NOW(),NOW(),1) ON CONFLICT (part_op_id,balloon_number) DO NOTHING;
INSERT INTO dimensions (id,part_op_id,balloon_number,balloon_sort,nominal_text,is_text_type,is_critical,is_final,category_id,sort_order,created_at,updated_at,created_by) VALUES (10136,1049,'23',136,NULL,true,false,true,NULL,136,NOW(),NOW(),1) ON CONFLICT (part_op_id,balloon_number) DO NOTHING;
INSERT INTO dimensions (id,part_op_id,balloon_number,balloon_sort,nominal_text,is_text_type,is_critical,is_final,category_id,sort_order,created_at,updated_at,created_by) VALUES (10137,1049,'24',137,'1/4-28UNF -2B',true,false,true,NULL,137,NOW(),NOW(),1) ON CONFLICT (part_op_id,balloon_number) DO NOTHING;
INSERT INTO dimensions (id,part_op_id,balloon_number,balloon_sort,nominal_value,tolerance_plus,tolerance_minus,max_value,min_value,is_text_type,is_critical,is_final,category_id,sort_order,created_at,updated_at,created_by) VALUES (10138,1050,'25',138,0.3100,0.0100,0.0100,0.3200,0.3000,false,false,true,NULL,138,NOW(),NOW(),1) ON CONFLICT (part_op_id,balloon_number) DO NOTHING;
INSERT INTO dimensions (id,part_op_id,balloon_number,balloon_sort,nominal_value,tolerance_plus,tolerance_minus,max_value,min_value,is_text_type,is_critical,is_final,category_id,sort_order,created_at,updated_at,created_by) VALUES (10139,1050,'26',139,0.6110,0.0050,0.0050,0.6160,0.6060,false,false,true,NULL,139,NOW(),NOW(),1) ON CONFLICT (part_op_id,balloon_number) DO NOTHING;
INSERT INTO dimensions (id,part_op_id,balloon_number,balloon_sort,nominal_value,tolerance_plus,tolerance_minus,max_value,min_value,is_text_type,is_critical,is_final,category_id,sort_order,created_at,updated_at,created_by) VALUES (10140,1050,'29',140,0.4700,0.0050,0.0050,0.4750,0.4650,false,false,true,NULL,140,NOW(),NOW(),1) ON CONFLICT (part_op_id,balloon_number) DO NOTHING;
INSERT INTO dimensions (id,part_op_id,balloon_number,balloon_sort,nominal_value,tolerance_plus,tolerance_minus,max_value,min_value,is_text_type,is_critical,is_final,category_id,sort_order,created_at,updated_at,created_by) VALUES (10141,1050,'30',141,0.2850,0.0050,0.0050,0.2900,0.2800,false,false,true,NULL,141,NOW(),NOW(),1) ON CONFLICT (part_op_id,balloon_number) DO NOTHING;
INSERT INTO dimensions (id,part_op_id,balloon_number,balloon_sort,nominal_text,is_text_type,is_critical,is_final,category_id,sort_order,created_at,updated_at,created_by) VALUES (10142,1011,'15.3',142,'FORM THD \n8-101',true,false,true,NULL,142,NOW(),NOW(),1) ON CONFLICT (part_op_id,balloon_number) DO NOTHING;
INSERT INTO dimensions (id,part_op_id,balloon_number,balloon_sort,nominal_text,is_text_type,is_critical,is_final,category_id,sort_order,created_at,updated_at,created_by) VALUES (10143,1011,'15.4',143,'OVERLAY \nTHD 8-101',true,false,true,NULL,143,NOW(),NOW(),1) ON CONFLICT (part_op_id,balloon_number) DO NOTHING;
INSERT INTO dimensions (id,part_op_id,balloon_number,balloon_sort,nominal_text,is_text_type,is_critical,is_final,category_id,sort_order,created_at,updated_at,created_by) VALUES (10144,1011,'16.3',144,'FORM \nTHD 8-249',true,false,true,NULL,144,NOW(),NOW(),1) ON CONFLICT (part_op_id,balloon_number) DO NOTHING;
INSERT INTO dimensions (id,part_op_id,balloon_number,balloon_sort,nominal_text,is_text_type,is_critical,is_final,category_id,sort_order,created_at,updated_at,created_by) VALUES (10145,1011,'16.4',145,'OVERLAY\nFORM \nTHD 8-249',true,false,true,NULL,145,NOW(),NOW(),1) ON CONFLICT (part_op_id,balloon_number) DO NOTHING;
INSERT INTO dimensions (id,part_op_id,balloon_number,balloon_sort,nominal_text,is_text_type,is_critical,is_final,category_id,sort_order,created_at,updated_at,created_by) VALUES (10146,1038,'10.7',146,'ren phải',true,false,false,NULL,146,NOW(),NOW(),1) ON CONFLICT (part_op_id,balloon_number) DO NOTHING;
INSERT INTO dimensions (id,part_op_id,balloon_number,balloon_sort,nominal_text,is_text_type,is_critical,is_final,category_id,sort_order,created_at,updated_at,created_by) VALUES (10147,1039,'7.1',147,'1/2-13 UNC - 2B',true,false,true,NULL,147,NOW(),NOW(),1) ON CONFLICT (part_op_id,balloon_number) DO NOTHING;
INSERT INTO dimensions (id,part_op_id,balloon_number,balloon_sort,nominal_text,is_text_type,is_critical,is_final,category_id,sort_order,created_at,updated_at,created_by) VALUES (10148,1038,'7.2',148,'ren phải',true,false,false,NULL,148,NOW(),NOW(),1) ON CONFLICT (part_op_id,balloon_number) DO NOTHING;
INSERT INTO dimensions (id,part_op_id,balloon_number,balloon_sort,nominal_value,tolerance_plus,tolerance_minus,max_value,min_value,is_text_type,is_critical,is_final,category_id,sort_order,created_at,updated_at,created_by) VALUES (10149,1053,'12.2',149,1.8750,0.0050,0.0050,1.8800,1.8700,false,false,true,NULL,149,NOW(),NOW(),1) ON CONFLICT (part_op_id,balloon_number) DO NOTHING;
INSERT INTO dimensions (id,part_op_id,balloon_number,balloon_sort,nominal_value,tolerance_plus,tolerance_minus,max_value,min_value,is_text_type,is_critical,is_final,category_id,sort_order,created_at,updated_at,created_by) VALUES (10150,1012,'8.1',150,1.0600,0.1250,0.1250,1.1850,0.9350,false,false,true,NULL,150,NOW(),NOW(),1) ON CONFLICT (part_op_id,balloon_number) DO NOTHING;
INSERT INTO dimensions (id,part_op_id,balloon_number,balloon_sort,nominal_value,tolerance_plus,tolerance_minus,max_value,min_value,is_text_type,is_critical,is_final,category_id,sort_order,created_at,updated_at,created_by) VALUES (10151,1058,'1*',151,8.6254,0.0040,0.0040,8.6294,8.6214,false,false,false,NULL,151,NOW(),NOW(),1) ON CONFLICT (part_op_id,balloon_number) DO NOTHING;
INSERT INTO dimensions (id,part_op_id,balloon_number,balloon_sort,nominal_value,tolerance_plus,tolerance_minus,max_value,min_value,is_text_type,is_critical,is_final,category_id,sort_order,created_at,updated_at,created_by) VALUES (10152,1058,'2',152,10.0394,0.0036,0.0034,10.0430,10.0360,false,false,true,NULL,152,NOW(),NOW(),1) ON CONFLICT (part_op_id,balloon_number) DO NOTHING;
INSERT INTO dimensions (id,part_op_id,balloon_number,balloon_sort,nominal_value,tolerance_plus,tolerance_minus,max_value,min_value,is_text_type,is_critical,is_final,category_id,sort_order,created_at,updated_at,created_by) VALUES (10153,1058,'3',153,0.0394,0.0036,0.0034,0.0430,0.0360,false,false,true,NULL,153,NOW(),NOW(),1) ON CONFLICT (part_op_id,balloon_number) DO NOTHING;
INSERT INTO dimensions (id,part_op_id,balloon_number,balloon_sort,nominal_value,tolerance_plus,tolerance_minus,max_value,min_value,is_text_type,is_critical,is_final,category_id,sort_order,created_at,updated_at,created_by) VALUES (10154,1058,'4*',154,1.0400,0.0100,0.0100,1.0500,1.0300,false,false,false,NULL,154,NOW(),NOW(),1) ON CONFLICT (part_op_id,balloon_number) DO NOTHING;
INSERT INTO dimensions (id,part_op_id,balloon_number,balloon_sort,nominal_text,is_text_type,is_critical,is_final,category_id,sort_order,created_at,updated_at,created_by) VALUES (10155,1058,'6.1',155,'Rq',true,false,true,NULL,155,NOW(),NOW(),1) ON CONFLICT (part_op_id,balloon_number) DO NOTHING;
INSERT INTO dimensions (id,part_op_id,balloon_number,balloon_sort,nominal_value,tolerance_plus,tolerance_minus,max_value,min_value,is_text_type,is_critical,is_final,category_id,sort_order,created_at,updated_at,created_by) VALUES (10156,1059,'1',156,8.6654,0.0016,0.0014,8.6670,8.6640,false,false,true,NULL,156,NOW(),NOW(),1) ON CONFLICT (part_op_id,balloon_number) DO NOTHING;
INSERT INTO dimensions (id,part_op_id,balloon_number,balloon_sort,nominal_value,tolerance_plus,tolerance_minus,max_value,min_value,is_text_type,is_critical,is_final,category_id,sort_order,created_at,updated_at,created_by) VALUES (10157,1059,'4',157,1.0000,0.0030,0.0030,1.0030,0.9970,false,false,true,NULL,157,NOW(),NOW(),1) ON CONFLICT (part_op_id,balloon_number) DO NOTHING;
INSERT INTO dimensions (id,part_op_id,balloon_number,balloon_sort,nominal_value,tolerance_plus,tolerance_minus,max_value,min_value,is_text_type,is_critical,is_final,category_id,sort_order,created_at,updated_at,created_by) VALUES (10158,1059,'5',158,0.0394,0.0036,0.0034,0.0430,0.0360,false,false,true,NULL,158,NOW(),NOW(),1) ON CONFLICT (part_op_id,balloon_number) DO NOTHING;
INSERT INTO dimensions (id,part_op_id,balloon_number,balloon_sort,nominal_text,is_text_type,is_critical,is_final,category_id,sort_order,created_at,updated_at,created_by) VALUES (10159,1059,'6.2',159,'Rq',true,false,true,NULL,159,NOW(),NOW(),1) ON CONFLICT (part_op_id,balloon_number) DO NOTHING;

-- MEASURE VALUES
INSERT INTO measure_values (id,dimension_id,product_id,part_op_id,value,result,measured_by,measured_at,is_final,has_ncr) VALUES (10000,10033,1000,1029,7.3740,1,1,'2022-12-27 18:33:07',false,false);
INSERT INTO measure_values (id,dimension_id,product_id,part_op_id,value,result,measured_by,measured_at,is_final,has_ncr) VALUES (10001,10034,1000,1029,7.0870,1,1,'2022-12-27 18:33:16',false,false);
INSERT INTO measure_values (id,dimension_id,product_id,part_op_id,value,result,measured_by,measured_at,is_final,has_ncr) VALUES (10002,10035,1000,1029,45.0000,1,1,'2022-12-27 18:33:27',false,false);
INSERT INTO measure_values (id,dimension_id,product_id,part_op_id,value,result,measured_by,measured_at,is_final,has_ncr) VALUES (10003,10036,1000,1029,7.2600,1,1,'2022-12-27 18:33:36',false,false);
INSERT INTO measure_values (id,dimension_id,product_id,part_op_id,value,result,measured_by,measured_at,is_final,has_ncr) VALUES (10004,10037,1000,1029,7.2900,1,1,'2022-12-27 18:33:45',false,false);
INSERT INTO measure_values (id,dimension_id,product_id,part_op_id,value,result,measured_by,measured_at,is_final,has_ncr) VALUES (10005,10038,1000,1029,7.6700,1,1,'2022-12-27 18:33:53',false,false);
INSERT INTO measure_values (id,dimension_id,product_id,part_op_id,value,result,measured_by,measured_at,is_final,has_ncr) VALUES (10006,10039,1000,1029,0.0070,1,1,'2022-12-27 18:34:06',false,false);
INSERT INTO measure_values (id,dimension_id,product_id,part_op_id,value,result,measured_by,measured_at,is_final,has_ncr) VALUES (10007,10040,1000,1029,45.0000,1,1,'2022-12-27 18:34:13',false,false);
INSERT INTO measure_values (id,dimension_id,product_id,part_op_id,value,result,measured_by,measured_at,is_final,has_ncr) VALUES (10008,10041,1000,1029,0.0000,1,1,'2022-12-27 18:34:19',false,false);
INSERT INTO measure_values (id,dimension_id,product_id,part_op_id,value,result,measured_by,measured_at,is_final,has_ncr) VALUES (10009,10042,1000,1029,0.0000,1,1,'2022-12-27 18:34:26',false,false);
INSERT INTO measure_values (id,dimension_id,product_id,part_op_id,value,result,measured_by,measured_at,is_final,has_ncr) VALUES (10010,10043,1000,1029,0.0000,1,1,'2022-12-27 18:34:31',false,false);
INSERT INTO measure_values (id,dimension_id,product_id,part_op_id,value,result,measured_by,measured_at,is_final,has_ncr) VALUES (10011,10044,1000,1029,0.0000,1,1,'2022-12-27 18:34:39',false,false);
INSERT INTO measure_values (id,dimension_id,product_id,part_op_id,value,result,measured_by,measured_at,is_final,has_ncr) VALUES (10012,10045,1000,1029,75.0000,1,1,'2022-12-27 18:34:47',false,false);
INSERT INTO measure_values (id,dimension_id,product_id,part_op_id,value,result,measured_by,measured_at,is_final,has_ncr) VALUES (10013,10046,1000,1029,0.3000,1,1,'2022-12-27 18:34:55',false,false);
INSERT INTO measure_values (id,dimension_id,product_id,part_op_id,value,result,measured_by,measured_at,is_final,has_ncr) VALUES (10014,10047,1000,1029,30.0000,1,1,'2022-12-27 18:35:02',false,false);
INSERT INTO measure_values (id,dimension_id,product_id,part_op_id,value,result,measured_by,measured_at,is_final,has_ncr) VALUES (10015,10048,1000,1029,1.2400,1,1,'2022-12-27 18:35:11',false,false);
INSERT INTO measure_values (id,dimension_id,product_id,part_op_id,value,result,measured_by,measured_at,is_final,has_ncr) VALUES (10016,10049,1000,1029,2.0400,1,1,'2022-12-27 18:35:18',false,false);
INSERT INTO measure_values (id,dimension_id,product_id,part_op_id,value,result,measured_by,measured_at,is_final,has_ncr) VALUES (10017,10050,1000,1029,0.0600,1,1,'2022-12-27 18:35:25',false,false);
INSERT INTO measure_values (id,dimension_id,product_id,part_op_id,value,result,measured_by,measured_at,is_final,has_ncr) VALUES (10018,10051,1000,1029,0.6000,1,1,'2022-12-27 18:35:32',false,false);
INSERT INTO measure_values (id,dimension_id,product_id,part_op_id,value,result,measured_by,measured_at,is_final,has_ncr) VALUES (10019,10052,1000,1029,0.0300,1,1,'2022-12-27 18:35:39',false,false);
INSERT INTO measure_values (id,dimension_id,product_id,part_op_id,value,result,measured_by,measured_at,is_final,has_ncr) VALUES (10020,10053,1000,1029,0.0001,1,1,'2022-12-27 18:35:48',false,false);
INSERT INTO measure_values (id,dimension_id,product_id,part_op_id,value,result,measured_by,measured_at,is_final,has_ncr) VALUES (10021,10033,1000,1029,7.3740,1,1,'2022-12-27 19:54:30',false,false);
INSERT INTO measure_values (id,dimension_id,product_id,part_op_id,value,result,measured_by,measured_at,is_final,has_ncr) VALUES (10022,10034,1000,1029,7.0870,1,1,'2022-12-27 19:56:05',false,false);
INSERT INTO measure_values (id,dimension_id,product_id,part_op_id,value,result,measured_by,measured_at,is_final,has_ncr) VALUES (10023,10035,1000,1029,45.0000,1,1,'2022-12-27 19:56:19',false,false);
INSERT INTO measure_values (id,dimension_id,product_id,part_op_id,value,result,measured_by,measured_at,is_final,has_ncr) VALUES (10024,10036,1000,1029,7.2600,1,1,'2022-12-27 20:01:38',false,false);
INSERT INTO measure_values (id,dimension_id,product_id,part_op_id,value,result,measured_by,measured_at,is_final,has_ncr) VALUES (10025,10037,1000,1029,7.2900,1,1,'2022-12-27 20:02:30',false,false);
INSERT INTO measure_values (id,dimension_id,product_id,part_op_id,value,result,measured_by,measured_at,is_final,has_ncr) VALUES (10026,10038,1000,1029,7.6700,1,1,'2022-12-27 20:03:11',false,false);
INSERT INTO measure_values (id,dimension_id,product_id,part_op_id,value,result,measured_by,measured_at,is_final,has_ncr) VALUES (10027,10040,1000,1029,45.0000,1,1,'2022-12-27 20:03:55',false,false);
INSERT INTO measure_values (id,dimension_id,product_id,part_op_id,value,result,measured_by,measured_at,is_final,has_ncr) VALUES (10028,10041,1000,1029,0.0000,1,1,'2022-12-27 20:29:33',false,false);
INSERT INTO measure_values (id,dimension_id,product_id,part_op_id,value,result,measured_by,measured_at,is_final,has_ncr) VALUES (10029,10042,1000,1029,0.0000,1,1,'2022-12-27 20:29:48',false,false);
INSERT INTO measure_values (id,dimension_id,product_id,part_op_id,value,result,measured_by,measured_at,is_final,has_ncr) VALUES (10030,10043,1000,1029,0.0000,1,1,'2022-12-27 20:29:57',false,false);
INSERT INTO measure_values (id,dimension_id,product_id,part_op_id,value,result,measured_by,measured_at,is_final,has_ncr) VALUES (10031,10044,1000,1029,0.0000,1,1,'2022-12-27 20:30:13',false,false);
INSERT INTO measure_values (id,dimension_id,product_id,part_op_id,value,result,measured_by,measured_at,is_final,has_ncr) VALUES (10032,10045,1000,1029,75.0000,1,1,'2022-12-27 20:30:39',false,false);
INSERT INTO measure_values (id,dimension_id,product_id,part_op_id,value,result,measured_by,measured_at,is_final,has_ncr) VALUES (10033,10046,1000,1029,0.3000,1,1,'2022-12-27 20:31:23',false,false);
INSERT INTO measure_values (id,dimension_id,product_id,part_op_id,value,result,measured_by,measured_at,is_final,has_ncr) VALUES (10034,10047,1000,1029,30.0000,1,1,'2022-12-27 20:31:34',false,false);
INSERT INTO measure_values (id,dimension_id,product_id,part_op_id,value,result,measured_by,measured_at,is_final,has_ncr) VALUES (10035,10048,1000,1029,1.2400,1,1,'2022-12-27 20:33:11',false,false);
INSERT INTO measure_values (id,dimension_id,product_id,part_op_id,value,result,measured_by,measured_at,is_final,has_ncr) VALUES (10036,10049,1000,1029,2.0400,1,1,'2022-12-27 20:33:27',false,false);
INSERT INTO measure_values (id,dimension_id,product_id,part_op_id,value,result,measured_by,measured_at,is_final,has_ncr) VALUES (10037,10050,1000,1029,0.0600,1,1,'2022-12-27 20:33:54',false,false);
INSERT INTO measure_values (id,dimension_id,product_id,part_op_id,value,result,measured_by,measured_at,is_final,has_ncr) VALUES (10038,10051,1000,1029,0.6000,1,1,'2022-12-27 20:34:52',false,false);
INSERT INTO measure_values (id,dimension_id,product_id,part_op_id,value,result,measured_by,measured_at,is_final,has_ncr) VALUES (10039,10052,1000,1029,0.0300,1,1,'2022-12-27 20:35:14',false,false);
INSERT INTO measure_values (id,dimension_id,product_id,part_op_id,value,result,measured_by,measured_at,is_final,has_ncr) VALUES (10040,10053,1000,1029,0.0005,1,1,'2022-12-27 20:35:40',false,false);
INSERT INTO measure_values (id,dimension_id,product_id,part_op_id,value,result,measured_by,measured_at,is_final,has_ncr) VALUES (10041,10039,1000,1029,0.0150,1,1,'2022-12-27 20:36:00',false,false);
INSERT INTO measure_values (id,dimension_id,product_id,part_op_id,value,result,measured_by,measured_at,is_final,has_ncr) VALUES (10042,10033,1001,1029,7.3740,1,1,'2022-12-27 20:42:29',false,false);
INSERT INTO measure_values (id,dimension_id,product_id,part_op_id,value,result,measured_by,measured_at,is_final,has_ncr) VALUES (10043,10034,1001,1029,7.0860,1,1,'2022-12-27 20:45:33',false,false);
INSERT INTO measure_values (id,dimension_id,product_id,part_op_id,value,result,measured_by,measured_at,is_final,has_ncr) VALUES (10044,10035,1001,1029,45.0000,1,1,'2022-12-27 20:45:40',false,false);
INSERT INTO measure_values (id,dimension_id,product_id,part_op_id,value,result,measured_by,measured_at,is_final,has_ncr) VALUES (10045,10036,1001,1029,7.2600,1,1,'2022-12-27 20:47:26',false,false);
INSERT INTO measure_values (id,dimension_id,product_id,part_op_id,value,result,measured_by,measured_at,is_final,has_ncr) VALUES (10046,10037,1001,1029,7.2900,1,1,'2022-12-27 20:48:22',false,false);
INSERT INTO measure_values (id,dimension_id,product_id,part_op_id,value,result,measured_by,measured_at,is_final,has_ncr) VALUES (10047,10038,1001,1029,7.6700,1,1,'2022-12-27 20:51:14',false,false);
INSERT INTO measure_values (id,dimension_id,product_id,part_op_id,value,result,measured_by,measured_at,is_final,has_ncr) VALUES (10048,10039,1001,1029,0.0005,1,1,'2022-12-27 20:51:35',false,false);
INSERT INTO measure_values (id,dimension_id,product_id,part_op_id,value,result,measured_by,measured_at,is_final,has_ncr) VALUES (10049,10040,1001,1029,45.0000,1,1,'2022-12-27 20:51:43',false,false);
INSERT INTO measure_values (id,dimension_id,product_id,part_op_id,value,result,measured_by,measured_at,is_final,has_ncr) VALUES (10050,10091,1020,1042,3.3800,1,1,'2023-01-12 08:28:25',false,false);
INSERT INTO measure_values (id,dimension_id,product_id,part_op_id,value,result,measured_by,measured_at,is_final,has_ncr) VALUES (10051,10090,1020,1042,11.0000,1,1,'2023-01-12 08:28:35',false,false);
INSERT INTO measure_values (id,dimension_id,product_id,part_op_id,value,result,measured_by,measured_at,is_final,has_ncr) VALUES (10052,10092,1020,1020,4.0090,1,1,'2023-01-12 15:46:03',false,false);
INSERT INTO measure_values (id,dimension_id,product_id,part_op_id,value,result,measured_by,measured_at,is_final,has_ncr) VALUES (10053,10093,1020,1020,45.0000,1,1,'2023-01-12 15:46:11',false,false);
INSERT INTO measure_values (id,dimension_id,product_id,part_op_id,value,result,measured_by,measured_at,is_final,has_ncr) VALUES (10054,10094,1020,1020,3.6300,1,1,'2023-01-12 15:46:34',false,false);
INSERT INTO measure_values (id,dimension_id,product_id,part_op_id,value,result,measured_by,measured_at,is_final,has_ncr) VALUES (10055,10095,1020,1020,4.2510,1,1,'2023-01-12 15:46:49',false,false);
INSERT INTO measure_values (id,dimension_id,product_id,part_op_id,value,result,measured_by,measured_at,is_final,has_ncr) VALUES (10056,10096,1020,1020,0.0700,1,1,'2023-01-12 15:47:05',false,false);
INSERT INTO measure_values (id,dimension_id,product_id,part_op_id,value,result,measured_by,measured_at,is_final,has_ncr) VALUES (10057,10097,1020,1020,0.7380,1,1,'2023-01-12 15:47:14',false,false);
INSERT INTO measure_values (id,dimension_id,product_id,part_op_id,value,result,measured_by,measured_at,is_final,has_ncr) VALUES (10058,10098,1020,1020,20.0000,1,1,'2023-01-12 15:47:30',false,false);
INSERT INTO measure_values (id,dimension_id,product_id,part_op_id,value,result,measured_by,measured_at,is_final,has_ncr) VALUES (10059,10092,1020,1020,4.0100,1,1,'2023-01-12 16:08:08',false,false);
INSERT INTO measure_values (id,dimension_id,product_id,part_op_id,value,result,measured_by,measured_at,is_final,has_ncr) VALUES (10060,10093,1020,1020,45.0000,1,1,'2023-01-12 16:08:15',false,false);
INSERT INTO measure_values (id,dimension_id,product_id,part_op_id,value,result,measured_by,measured_at,is_final,has_ncr) VALUES (10061,10094,1020,1020,3.6300,1,1,'2023-01-12 16:08:23',false,false);
INSERT INTO measure_values (id,dimension_id,product_id,part_op_id,value,result,measured_by,measured_at,is_final,has_ncr) VALUES (10062,10095,1020,1020,4.2500,1,1,'2023-01-12 16:08:36',false,false);
INSERT INTO measure_values (id,dimension_id,product_id,part_op_id,value,result,measured_by,measured_at,is_final,has_ncr) VALUES (10063,10096,1020,1020,0.0700,1,1,'2023-01-12 16:08:43',false,false);
INSERT INTO measure_values (id,dimension_id,product_id,part_op_id,value,result,measured_by,measured_at,is_final,has_ncr) VALUES (10064,10097,1020,1020,0.7380,1,1,'2023-01-12 16:08:56',false,false);
INSERT INTO measure_values (id,dimension_id,product_id,part_op_id,value,result,measured_by,measured_at,is_final,has_ncr) VALUES (10065,10098,1020,1020,20.0000,1,1,'2023-01-12 16:09:08',false,false);
INSERT INTO measure_values (id,dimension_id,product_id,part_op_id,value,result,measured_by,measured_at,is_final,has_ncr) VALUES (10066,10099,1020,1020,0.1253,1,1,'2023-01-12 16:09:22',false,false);
INSERT INTO measure_values (id,dimension_id,product_id,part_op_id,value,result,measured_by,measured_at,is_final,has_ncr) VALUES (10067,10100,1020,1020,15.0000,1,1,'2023-01-12 16:09:28',false,false);
INSERT INTO measure_values (id,dimension_id,product_id,part_op_id,value,result,measured_by,measured_at,is_final,has_ncr) VALUES (10068,10101,1020,1020,0.0000,1,1,'2023-01-12 16:09:36',false,false);
INSERT INTO measure_values (id,dimension_id,product_id,part_op_id,value,result,measured_by,measured_at,is_final,has_ncr) VALUES (10069,10102,1020,1020,0.0000,1,1,'2023-01-12 16:09:41',false,false);
INSERT INTO measure_values (id,dimension_id,product_id,part_op_id,value,result,measured_by,measured_at,is_final,has_ncr) VALUES (10070,10103,1020,1020,120.0000,1,1,'2023-01-12 16:09:49',false,false);
INSERT INTO measure_values (id,dimension_id,product_id,part_op_id,value,result,measured_by,measured_at,is_final,has_ncr) VALUES (10071,10104,1020,1020,120.0000,1,1,'2023-01-12 16:10:01',false,false);
INSERT INTO measure_values (id,dimension_id,product_id,part_op_id,value,result,measured_by,measured_at,is_final,has_ncr) VALUES (10072,10100,1020,1020,15.0000,1,1,'2023-01-12 16:17:24',false,false);
INSERT INTO measure_values (id,dimension_id,product_id,part_op_id,value,result,measured_by,measured_at,is_final,has_ncr) VALUES (10073,10099,1020,1020,0.1250,1,1,'2023-01-12 16:17:32',false,false);
INSERT INTO measure_values (id,dimension_id,product_id,part_op_id,value,result,measured_by,measured_at,is_final,has_ncr) VALUES (10074,10101,1020,1020,0.0000,1,1,'2023-01-12 16:17:53',false,false);
INSERT INTO measure_values (id,dimension_id,product_id,part_op_id,value,result,measured_by,measured_at,is_final,has_ncr) VALUES (10075,10102,1020,1020,0.0000,1,1,'2023-01-12 16:17:58',false,false);
INSERT INTO measure_values (id,dimension_id,product_id,part_op_id,value,result,measured_by,measured_at,is_final,has_ncr) VALUES (10076,10103,1020,1020,80.0000,1,1,'2023-01-12 16:18:12',false,false);
INSERT INTO measure_values (id,dimension_id,product_id,part_op_id,value,result,measured_by,measured_at,is_final,has_ncr) VALUES (10077,10104,1020,1020,80.0000,1,1,'2023-01-12 16:18:18',false,false);
INSERT INTO measure_values (id,dimension_id,product_id,part_op_id,value,result,measured_by,measured_at,is_final,has_ncr) VALUES (10078,10106,1020,1021,0.8800,1,1,'2023-01-13 17:38:48',false,false);
INSERT INTO measure_values (id,dimension_id,product_id,part_op_id,value,result,measured_by,measured_at,is_final,has_ncr) VALUES (10079,10105,1020,1021,0.4400,1,1,'2023-01-13 17:38:58',false,false);
INSERT INTO measure_values (id,dimension_id,product_id,part_op_id,value,result,measured_by,measured_at,is_final,has_ncr) VALUES (10080,10107,1020,1021,0.0000,1,1,'2023-01-13 17:39:02',false,false);
INSERT INTO measure_values (id,dimension_id,product_id,part_op_id,value,result,measured_by,measured_at,is_final,has_ncr) VALUES (10081,10091,1021,1042,3.3800,1,1,'2023-01-12 08:30:13',false,false);
INSERT INTO measure_values (id,dimension_id,product_id,part_op_id,value,result,measured_by,measured_at,is_final,has_ncr) VALUES (10082,10090,1021,1042,11.0000,1,1,'2023-01-12 08:30:17',false,false);
INSERT INTO measure_values (id,dimension_id,product_id,part_op_id,value,result,measured_by,measured_at,is_final,has_ncr) VALUES (10083,10092,1021,1020,4.0100,1,1,'2023-01-12 17:04:59',false,false);
INSERT INTO measure_values (id,dimension_id,product_id,part_op_id,value,result,measured_by,measured_at,is_final,has_ncr) VALUES (10084,10093,1021,1020,45.0000,1,1,'2023-01-12 17:05:03',false,false);
INSERT INTO measure_values (id,dimension_id,product_id,part_op_id,value,result,measured_by,measured_at,is_final,has_ncr) VALUES (10085,10094,1021,1020,3.6300,1,1,'2023-01-12 17:05:34',false,false);
INSERT INTO measure_values (id,dimension_id,product_id,part_op_id,value,result,measured_by,measured_at,is_final,has_ncr) VALUES (10086,10095,1021,1020,4.2500,1,1,'2023-01-12 17:05:40',false,false);
INSERT INTO measure_values (id,dimension_id,product_id,part_op_id,value,result,measured_by,measured_at,is_final,has_ncr) VALUES (10087,10096,1021,1020,0.0700,1,1,'2023-01-12 17:06:47',false,false);
INSERT INTO measure_values (id,dimension_id,product_id,part_op_id,value,result,measured_by,measured_at,is_final,has_ncr) VALUES (10088,10097,1021,1020,0.7420,1,1,'2023-01-12 17:06:55',false,false);
INSERT INTO measure_values (id,dimension_id,product_id,part_op_id,value,result,measured_by,measured_at,is_final,has_ncr) VALUES (10089,10098,1021,1020,20.0000,1,1,'2023-01-12 17:07:00',false,false);
INSERT INTO measure_values (id,dimension_id,product_id,part_op_id,value,result,measured_by,measured_at,is_final,has_ncr) VALUES (10090,10099,1021,1020,0.1250,1,1,'2023-01-12 17:07:06',false,false);
INSERT INTO measure_values (id,dimension_id,product_id,part_op_id,value,result,measured_by,measured_at,is_final,has_ncr) VALUES (10091,10100,1021,1020,15.0000,1,1,'2023-01-12 17:07:10',false,false);
INSERT INTO measure_values (id,dimension_id,product_id,part_op_id,value,result,measured_by,measured_at,is_final,has_ncr) VALUES (10092,10101,1021,1020,0.0000,1,1,'2023-01-12 17:07:14',false,false);
INSERT INTO measure_values (id,dimension_id,product_id,part_op_id,value,result,measured_by,measured_at,is_final,has_ncr) VALUES (10093,10103,1021,1020,80.0000,1,1,'2023-01-12 17:07:35',false,false);
INSERT INTO measure_values (id,dimension_id,product_id,part_op_id,value,result,measured_by,measured_at,is_final,has_ncr) VALUES (10094,10102,1021,1020,0.0000,1,1,'2023-01-12 17:07:39',false,false);
INSERT INTO measure_values (id,dimension_id,product_id,part_op_id,value,result,measured_by,measured_at,is_final,has_ncr) VALUES (10095,10104,1021,1020,100.0000,1,1,'2023-01-12 17:07:47',false,false);
INSERT INTO measure_values (id,dimension_id,product_id,part_op_id,value,result,measured_by,measured_at,is_final,has_ncr) VALUES (10096,10092,1021,1020,4.0100,1,1,'2023-01-16 22:20:26',false,false);
INSERT INTO measure_values (id,dimension_id,product_id,part_op_id,value,result,measured_by,measured_at,is_final,has_ncr) VALUES (10097,10093,1021,1020,45.0000,1,1,'2023-01-16 22:20:33',false,false);
INSERT INTO measure_values (id,dimension_id,product_id,part_op_id,value,result,measured_by,measured_at,is_final,has_ncr) VALUES (10098,10094,1021,1020,3.6300,1,1,'2023-01-16 22:20:45',false,false);
INSERT INTO measure_values (id,dimension_id,product_id,part_op_id,value,result,measured_by,measured_at,is_final,has_ncr) VALUES (10099,10095,1021,1020,4.2500,1,1,'2023-01-16 22:21:05',false,false);
INSERT INTO measure_values (id,dimension_id,product_id,part_op_id,value,result,measured_by,measured_at,is_final,has_ncr) VALUES (10100,10091,1040,1042,3.3800,1,1,'2023-01-12 06:54:40',false,false);
INSERT INTO measure_values (id,dimension_id,product_id,part_op_id,value,result,measured_by,measured_at,is_final,has_ncr) VALUES (10101,10090,1040,1042,11.1000,1,1,'2023-01-12 06:54:51',false,false);
INSERT INTO measure_values (id,dimension_id,product_id,part_op_id,value,result,measured_by,measured_at,is_final,has_ncr) VALUES (10102,10092,1040,1020,4.0100,1,1,'2023-01-14 05:14:37',false,false);
INSERT INTO measure_values (id,dimension_id,product_id,part_op_id,value,result,measured_by,measured_at,is_final,has_ncr) VALUES (10103,10095,1040,1020,4.2500,1,1,'2023-01-14 05:14:46',false,false);
INSERT INTO measure_values (id,dimension_id,product_id,part_op_id,value,result,measured_by,measured_at,is_final,has_ncr) VALUES (10104,10094,1040,1020,3.6300,1,1,'2023-01-14 05:14:54',false,false);
INSERT INTO measure_values (id,dimension_id,product_id,part_op_id,value,result,measured_by,measured_at,is_final,has_ncr) VALUES (10105,10097,1040,1020,0.7400,1,1,'2023-01-14 05:14:59',false,false);
INSERT INTO measure_values (id,dimension_id,product_id,part_op_id,value,result,measured_by,measured_at,is_final,has_ncr) VALUES (10106,10093,1040,1020,0.0000,1,1,'2023-01-14 05:15:04',false,false);
INSERT INTO measure_values (id,dimension_id,product_id,part_op_id,value,result,measured_by,measured_at,is_final,has_ncr) VALUES (10107,10096,1040,1020,0.0000,1,1,'2023-01-14 05:15:07',false,false);
INSERT INTO measure_values (id,dimension_id,product_id,part_op_id,value,result,measured_by,measured_at,is_final,has_ncr) VALUES (10108,10099,1040,1020,0.0000,1,1,'2023-01-14 05:15:11',false,false);
INSERT INTO measure_values (id,dimension_id,product_id,part_op_id,value,result,measured_by,measured_at,is_final,has_ncr) VALUES (10109,10098,1040,1020,0.0000,1,1,'2023-01-14 05:15:14',false,false);
INSERT INTO measure_values (id,dimension_id,product_id,part_op_id,value,result,measured_by,measured_at,is_final,has_ncr) VALUES (10110,10101,1040,1020,0.0000,1,1,'2023-01-14 05:15:17',false,false);
INSERT INTO measure_values (id,dimension_id,product_id,part_op_id,value,result,measured_by,measured_at,is_final,has_ncr) VALUES (10111,10100,1040,1020,0.0000,1,1,'2023-01-14 05:15:21',false,false);
INSERT INTO measure_values (id,dimension_id,product_id,part_op_id,value,result,measured_by,measured_at,is_final,has_ncr) VALUES (10112,10103,1040,1020,111.0000,1,1,'2023-01-14 05:15:28',false,false);
INSERT INTO measure_values (id,dimension_id,product_id,part_op_id,value,result,measured_by,measured_at,is_final,has_ncr) VALUES (10113,10102,1040,1020,0.0000,1,1,'2023-01-14 05:15:31',false,false);
INSERT INTO measure_values (id,dimension_id,product_id,part_op_id,value,result,measured_by,measured_at,is_final,has_ncr) VALUES (10114,10104,1040,1020,111.0000,1,1,'2023-01-14 05:15:36',false,false);
INSERT INTO measure_values (id,dimension_id,product_id,part_op_id,value,result,measured_by,measured_at,is_final,has_ncr) VALUES (10115,10105,1040,1021,0.4410,1,1,'2023-01-16 03:05:18',false,false);
INSERT INTO measure_values (id,dimension_id,product_id,part_op_id,value,result,measured_by,measured_at,is_final,has_ncr) VALUES (10116,10106,1040,1021,0.8820,1,1,'2023-01-16 03:05:23',false,false);
INSERT INTO measure_values (id,dimension_id,product_id,part_op_id,value,result,measured_by,measured_at,is_final,has_ncr) VALUES (10117,10107,1040,1021,0.0000,1,1,'2023-01-16 03:05:26',false,false);
INSERT INTO measure_values (id,dimension_id,product_id,part_op_id,value,result,measured_by,measured_at,is_final,has_ncr) VALUES (10118,10091,1041,1042,3.3800,1,1,'2023-01-12 07:24:17',false,false);
INSERT INTO measure_values (id,dimension_id,product_id,part_op_id,value,result,measured_by,measured_at,is_final,has_ncr) VALUES (10119,10090,1041,1042,11.1000,1,1,'2023-01-12 07:24:25',false,false);
INSERT INTO measure_values (id,dimension_id,product_id,part_op_id,value,result,measured_by,measured_at,is_final,has_ncr) VALUES (10120,10092,1041,1020,4.0100,1,1,'2023-01-14 05:13:28',false,false);
INSERT INTO measure_values (id,dimension_id,product_id,part_op_id,value,result,measured_by,measured_at,is_final,has_ncr) VALUES (10121,10093,1041,1020,0.0000,1,1,'2023-01-14 05:13:31',false,false);
INSERT INTO measure_values (id,dimension_id,product_id,part_op_id,value,result,measured_by,measured_at,is_final,has_ncr) VALUES (10122,10096,1041,1020,0.0000,1,1,'2023-01-14 05:13:38',false,false);
INSERT INTO measure_values (id,dimension_id,product_id,part_op_id,value,result,measured_by,measured_at,is_final,has_ncr) VALUES (10123,10098,1041,1020,0.0000,1,1,'2023-01-14 05:13:41',false,false);
INSERT INTO measure_values (id,dimension_id,product_id,part_op_id,value,result,measured_by,measured_at,is_final,has_ncr) VALUES (10124,10097,1041,1020,0.7400,1,1,'2023-01-14 05:13:47',false,false);
INSERT INTO measure_values (id,dimension_id,product_id,part_op_id,value,result,measured_by,measured_at,is_final,has_ncr) VALUES (10125,10095,1041,1020,4.2500,1,1,'2023-01-14 05:13:57',false,false);
INSERT INTO measure_values (id,dimension_id,product_id,part_op_id,value,result,measured_by,measured_at,is_final,has_ncr) VALUES (10126,10094,1041,1020,3.6300,1,1,'2023-01-14 05:14:03',false,false);
INSERT INTO measure_values (id,dimension_id,product_id,part_op_id,value,result,measured_by,measured_at,is_final,has_ncr) VALUES (10127,10099,1041,1020,0.0000,1,1,'2023-01-14 05:14:06',false,false);
INSERT INTO measure_values (id,dimension_id,product_id,part_op_id,value,result,measured_by,measured_at,is_final,has_ncr) VALUES (10128,10101,1041,1020,0.0000,1,1,'2023-01-14 05:14:09',false,false);
INSERT INTO measure_values (id,dimension_id,product_id,part_op_id,value,result,measured_by,measured_at,is_final,has_ncr) VALUES (10129,10100,1041,1020,0.0000,1,1,'2023-01-14 05:14:15',false,false);
INSERT INTO measure_values (id,dimension_id,product_id,part_op_id,value,result,measured_by,measured_at,is_final,has_ncr) VALUES (10130,10103,1041,1020,111.0000,1,1,'2023-01-14 05:14:20',false,false);
INSERT INTO measure_values (id,dimension_id,product_id,part_op_id,value,result,measured_by,measured_at,is_final,has_ncr) VALUES (10131,10104,1041,1020,111.0000,1,1,'2023-01-14 05:14:24',false,false);
INSERT INTO measure_values (id,dimension_id,product_id,part_op_id,value,result,measured_by,measured_at,is_final,has_ncr) VALUES (10132,10102,1041,1020,0.0000,1,1,'2023-01-14 05:14:27',false,false);
INSERT INTO measure_values (id,dimension_id,product_id,part_op_id,value,result,measured_by,measured_at,is_final,has_ncr) VALUES (10133,10105,1041,1021,0.4400,1,1,'2023-01-16 02:35:43',false,false);
INSERT INTO measure_values (id,dimension_id,product_id,part_op_id,value,result,measured_by,measured_at,is_final,has_ncr) VALUES (10134,10106,1041,1021,0.8800,1,1,'2023-01-16 02:35:50',false,false);
INSERT INTO measure_values (id,dimension_id,product_id,part_op_id,value,result,measured_by,measured_at,is_final,has_ncr) VALUES (10135,10107,1041,1021,0.0000,1,1,'2023-01-16 02:35:58',false,false);
INSERT INTO measure_values (id,dimension_id,product_id,part_op_id,value,result,measured_by,measured_at,is_final,has_ncr) VALUES (10136,10105,1041,1021,0.4420,1,1,'2023-01-16 21:49:54',false,false);
INSERT INTO measure_values (id,dimension_id,product_id,part_op_id,value,result,measured_by,measured_at,is_final,has_ncr) VALUES (10137,10106,1041,1021,0.8830,1,1,'2023-01-16 21:50:00',false,false);
INSERT INTO measure_values (id,dimension_id,product_id,part_op_id,value,result,measured_by,measured_at,is_final,has_ncr) VALUES (10138,10107,1041,1021,0.0000,1,1,'2023-01-16 21:50:04',false,false);
INSERT INTO measure_values (id,dimension_id,product_id,part_op_id,value,result,measured_by,measured_at,is_final,has_ncr) VALUES (10139,10091,1042,1042,3.3800,1,1,'2023-01-12 07:24:35',false,false);
INSERT INTO measure_values (id,dimension_id,product_id,part_op_id,value,result,measured_by,measured_at,is_final,has_ncr) VALUES (10140,10090,1042,1042,11.0000,1,1,'2023-01-12 07:24:40',false,false);
INSERT INTO measure_values (id,dimension_id,product_id,part_op_id,value,result,measured_by,measured_at,is_final,has_ncr) VALUES (10141,10092,1042,1020,4.0100,1,1,'2023-01-14 05:12:17',false,false);
INSERT INTO measure_values (id,dimension_id,product_id,part_op_id,value,result,measured_by,measured_at,is_final,has_ncr) VALUES (10142,10093,1042,1020,0.0000,1,1,'2023-01-14 05:12:25',false,false);
INSERT INTO measure_values (id,dimension_id,product_id,part_op_id,value,result,measured_by,measured_at,is_final,has_ncr) VALUES (10143,10095,1042,1020,4.2500,1,1,'2023-01-14 05:12:32',false,false);
INSERT INTO measure_values (id,dimension_id,product_id,part_op_id,value,result,measured_by,measured_at,is_final,has_ncr) VALUES (10144,10097,1042,1020,0.7400,1,1,'2023-01-14 05:12:38',false,false);
INSERT INTO measure_values (id,dimension_id,product_id,part_op_id,value,result,measured_by,measured_at,is_final,has_ncr) VALUES (10145,10094,1042,1020,3.6300,1,1,'2023-01-14 05:12:43',false,false);
INSERT INTO measure_values (id,dimension_id,product_id,part_op_id,value,result,measured_by,measured_at,is_final,has_ncr) VALUES (10146,10098,1042,1020,0.0000,1,1,'2023-01-14 05:12:50',false,false);
INSERT INTO measure_values (id,dimension_id,product_id,part_op_id,value,result,measured_by,measured_at,is_final,has_ncr) VALUES (10147,10101,1042,1020,0.0000,1,1,'2023-01-14 05:12:53',false,false);
INSERT INTO measure_values (id,dimension_id,product_id,part_op_id,value,result,measured_by,measured_at,is_final,has_ncr) VALUES (10148,10099,1042,1020,0.0000,1,1,'2023-01-14 05:12:56',false,false);
INSERT INTO measure_values (id,dimension_id,product_id,part_op_id,value,result,measured_by,measured_at,is_final,has_ncr) VALUES (10149,10100,1042,1020,0.0000,1,1,'2023-01-14 05:12:59',false,false);
INSERT INTO measure_values (id,dimension_id,product_id,part_op_id,value,result,measured_by,measured_at,is_final,has_ncr) VALUES (10150,10108,1060,1048,0.5090,1,1,'2023-03-12 00:19:12',false,false);
INSERT INTO measure_values (id,dimension_id,product_id,part_op_id,value,result,measured_by,measured_at,is_final,has_ncr) VALUES (10151,10109,1060,1048,0.5000,1,1,'2023-03-12 00:20:18',false,false);
INSERT INTO measure_values (id,dimension_id,product_id,part_op_id,value,result,measured_by,measured_at,is_final,has_ncr) VALUES (10152,10110,1060,1048,0.7740,1,1,'2023-03-12 00:26:10',false,false);
INSERT INTO measure_values (id,dimension_id,product_id,part_op_id,value,result,measured_by,measured_at,is_final,has_ncr) VALUES (10153,10111,1060,1048,1.8755,1,1,'2023-03-12 00:26:17',false,false);
INSERT INTO measure_values (id,dimension_id,product_id,part_op_id,value,result,measured_by,measured_at,is_final,has_ncr) VALUES (10154,10112,1060,1048,30.0000,1,1,'2023-03-12 00:26:21',false,false);
INSERT INTO measure_values (id,dimension_id,product_id,part_op_id,value,result,measured_by,measured_at,is_final,has_ncr) VALUES (10155,10113,1060,1048,0.0400,1,1,'2023-03-12 00:26:27',false,false);
INSERT INTO measure_values (id,dimension_id,product_id,part_op_id,value,result,measured_by,measured_at,is_final,has_ncr) VALUES (10156,10114,1060,1048,0.4260,1,1,'2023-03-12 00:26:48',false,false);
INSERT INTO measure_values (id,dimension_id,product_id,part_op_id,value,result,measured_by,measured_at,is_final,has_ncr) VALUES (10157,10115,1060,1048,16.0000,1,1,'2023-03-12 00:26:53',false,false);
INSERT INTO measure_values (id,dimension_id,product_id,part_op_id,value,result,measured_by,measured_at,is_final,has_ncr) VALUES (10158,10116,1060,1048,0.2560,1,1,'2023-03-12 00:27:10',false,false);
INSERT INTO measure_values (id,dimension_id,product_id,part_op_id,value,result,measured_by,measured_at,is_final,has_ncr) VALUES (10159,10117,1060,1048,0.5640,1,1,'2023-03-12 00:27:28',false,false);
INSERT INTO measure_values (id,dimension_id,product_id,part_op_id,value,result,measured_by,measured_at,is_final,has_ncr) VALUES (10160,10118,1060,1048,0.0000,1,1,'2023-03-12 00:27:32',false,false);
INSERT INTO measure_values (id,dimension_id,product_id,part_op_id,value,result,measured_by,measured_at,is_final,has_ncr) VALUES (10161,10119,1060,1048,0.0000,1,1,'2023-03-12 00:27:45',false,false);
INSERT INTO measure_values (id,dimension_id,product_id,part_op_id,value,result,measured_by,measured_at,is_final,has_ncr) VALUES (10162,10120,1060,1048,125.0000,1,1,'2023-03-12 00:27:50',false,false);
INSERT INTO measure_values (id,dimension_id,product_id,part_op_id,value,result,measured_by,measured_at,is_final,has_ncr) VALUES (10163,10108,1060,1048,0.5090,1,1,'2023-03-12 00:58:59',false,false);
INSERT INTO measure_values (id,dimension_id,product_id,part_op_id,value,result,measured_by,measured_at,is_final,has_ncr) VALUES (10164,10117,1060,1048,0.5640,1,1,'2023-03-12 01:00:09',false,false);
INSERT INTO measure_values (id,dimension_id,product_id,part_op_id,value,result,measured_by,measured_at,is_final,has_ncr) VALUES (10165,10109,1060,1048,0.5000,1,1,'2023-03-12 01:00:28',false,false);
INSERT INTO measure_values (id,dimension_id,product_id,part_op_id,value,result,measured_by,measured_at,is_final,has_ncr) VALUES (10166,10110,1060,1048,0.7700,1,1,'2023-03-12 01:00:36',false,false);
INSERT INTO measure_values (id,dimension_id,product_id,part_op_id,value,result,measured_by,measured_at,is_final,has_ncr) VALUES (10167,10111,1060,1048,1.8750,1,1,'2023-03-12 01:00:45',false,false);
INSERT INTO measure_values (id,dimension_id,product_id,part_op_id,value,result,measured_by,measured_at,is_final,has_ncr) VALUES (10168,10112,1060,1048,30.0000,1,1,'2023-03-12 01:00:50',false,false);
INSERT INTO measure_values (id,dimension_id,product_id,part_op_id,value,result,measured_by,measured_at,is_final,has_ncr) VALUES (10169,10113,1060,1048,0.0400,1,1,'2023-03-12 01:00:56',false,false);
INSERT INTO measure_values (id,dimension_id,product_id,part_op_id,value,result,measured_by,measured_at,is_final,has_ncr) VALUES (10170,10114,1060,1048,0.4250,1,1,'2023-03-12 01:01:02',false,false);
INSERT INTO measure_values (id,dimension_id,product_id,part_op_id,value,result,measured_by,measured_at,is_final,has_ncr) VALUES (10171,10115,1060,1048,16.0000,1,1,'2023-03-12 01:01:14',false,false);
INSERT INTO measure_values (id,dimension_id,product_id,part_op_id,value,result,measured_by,measured_at,is_final,has_ncr) VALUES (10172,10116,1060,1048,0.2520,1,1,'2023-03-12 01:02:15',false,false);
INSERT INTO measure_values (id,dimension_id,product_id,part_op_id,value,result,measured_by,measured_at,is_final,has_ncr) VALUES (10173,10118,1060,1048,0.0000,1,1,'2023-03-12 01:02:19',false,false);
INSERT INTO measure_values (id,dimension_id,product_id,part_op_id,value,result,measured_by,measured_at,is_final,has_ncr) VALUES (10174,10119,1060,1048,0.0300,1,1,'2023-03-12 01:02:25',false,false);
INSERT INTO measure_values (id,dimension_id,product_id,part_op_id,value,result,measured_by,measured_at,is_final,has_ncr) VALUES (10175,10120,1060,1048,100.0000,1,1,'2023-03-12 01:02:30',false,false);
INSERT INTO measure_values (id,dimension_id,product_id,part_op_id,value,result,measured_by,measured_at,is_final,has_ncr) VALUES (10176,10121,1060,1049,0.3720,1,1,'2023-03-18 16:56:26',false,false);
INSERT INTO measure_values (id,dimension_id,product_id,part_op_id,value,result,measured_by,measured_at,is_final,has_ncr) VALUES (10177,10122,1060,1049,0.0002,1,1,'2023-03-18 16:56:32',false,false);
INSERT INTO measure_values (id,dimension_id,product_id,part_op_id,value,result,measured_by,measured_at,is_final,has_ncr) VALUES (10178,10123,1060,1049,15.0000,1,1,'2023-03-18 16:56:38',false,false);
INSERT INTO measure_values (id,dimension_id,product_id,part_op_id,value,result,measured_by,measured_at,is_final,has_ncr) VALUES (10179,10124,1060,1049,0.1520,1,1,'2023-03-18 16:59:11',false,false);
INSERT INTO measure_values (id,dimension_id,product_id,part_op_id,value,result,measured_by,measured_at,is_final,has_ncr) VALUES (10180,10125,1060,1049,0.2750,1,1,'2023-03-18 16:59:17',false,false);
INSERT INTO measure_values (id,dimension_id,product_id,part_op_id,value,result,measured_by,measured_at,is_final,has_ncr) VALUES (10181,10126,1060,1049,0.3750,1,1,'2023-03-18 16:59:22',false,false);
INSERT INTO measure_values (id,dimension_id,product_id,part_op_id,value,result,measured_by,measured_at,is_final,has_ncr) VALUES (10182,10127,1060,1049,0.5000,1,1,'2023-03-18 16:59:26',false,false);
INSERT INTO measure_values (id,dimension_id,product_id,part_op_id,value,result,measured_by,measured_at,is_final,has_ncr) VALUES (10183,10128,1060,1049,0.8300,1,1,'2023-03-18 16:59:31',false,false);
INSERT INTO measure_values (id,dimension_id,product_id,part_op_id,value,result,measured_by,measured_at,is_final,has_ncr) VALUES (10184,10129,1060,1049,0.9600,1,1,'2023-03-18 16:59:35',false,false);
INSERT INTO measure_values (id,dimension_id,product_id,part_op_id,value,result,measured_by,measured_at,is_final,has_ncr) VALUES (10185,10130,1060,1049,0.2810,1,1,'2023-03-18 16:59:40',false,false);
INSERT INTO measure_values (id,dimension_id,product_id,part_op_id,value,result,measured_by,measured_at,is_final,has_ncr) VALUES (10186,10137,1060,1049,0.0000,1,1,'2023-03-18 16:59:46',false,false);
INSERT INTO measure_values (id,dimension_id,product_id,part_op_id,value,result,measured_by,measured_at,is_final,has_ncr) VALUES (10187,10136,1060,1049,0.0002,1,1,'2023-03-18 16:59:52',false,false);
INSERT INTO measure_values (id,dimension_id,product_id,part_op_id,value,result,measured_by,measured_at,is_final,has_ncr) VALUES (10188,10135,1060,1049,32.0000,1,1,'2023-03-18 16:59:57',false,false);
INSERT INTO measure_values (id,dimension_id,product_id,part_op_id,value,result,measured_by,measured_at,is_final,has_ncr) VALUES (10189,10134,1060,1049,0.2160,1,1,'2023-03-18 17:00:03',false,false);
INSERT INTO measure_values (id,dimension_id,product_id,part_op_id,value,result,measured_by,measured_at,is_final,has_ncr) VALUES (10190,10133,1060,1049,0.3100,1,1,'2023-03-18 17:00:08',false,false);
INSERT INTO measure_values (id,dimension_id,product_id,part_op_id,value,result,measured_by,measured_at,is_final,has_ncr) VALUES (10191,10132,1060,1049,0.4250,1,1,'2023-03-18 17:00:13',false,false);
INSERT INTO measure_values (id,dimension_id,product_id,part_op_id,value,result,measured_by,measured_at,is_final,has_ncr) VALUES (10192,10131,1060,1049,60.0000,1,1,'2023-03-18 17:00:17',false,false);
INSERT INTO measure_values (id,dimension_id,product_id,part_op_id,value,result,measured_by,measured_at,is_final,has_ncr) VALUES (10193,10121,1060,1049,0.3710,1,1,'2023-03-19 04:31:41',false,false);
INSERT INTO measure_values (id,dimension_id,product_id,part_op_id,value,result,measured_by,measured_at,is_final,has_ncr) VALUES (10194,10122,1060,1049,0.0020,1,1,'2023-03-19 04:31:47',false,false);
INSERT INTO measure_values (id,dimension_id,product_id,part_op_id,value,result,measured_by,measured_at,is_final,has_ncr) VALUES (10195,10123,1060,1049,15.0000,1,1,'2023-03-19 04:31:52',false,false);
INSERT INTO measure_values (id,dimension_id,product_id,part_op_id,value,result,measured_by,measured_at,is_final,has_ncr) VALUES (10196,10124,1060,1049,0.1530,1,1,'2023-03-19 04:32:17',false,false);
INSERT INTO measure_values (id,dimension_id,product_id,part_op_id,value,result,measured_by,measured_at,is_final,has_ncr) VALUES (10197,10125,1060,1049,0.2670,1,1,'2023-03-19 04:32:25',false,false);
INSERT INTO measure_values (id,dimension_id,product_id,part_op_id,value,result,measured_by,measured_at,is_final,has_ncr) VALUES (10198,10126,1060,1049,0.3760,1,1,'2023-03-19 04:32:35',false,false);
INSERT INTO measure_values (id,dimension_id,product_id,part_op_id,value,result,measured_by,measured_at,is_final,has_ncr) VALUES (10199,10127,1060,1049,0.5000,1,1,'2023-03-19 04:32:44',false,false);
INSERT INTO measure_values (id,dimension_id,product_id,part_op_id,value,result,measured_by,measured_at,is_final,has_ncr) VALUES (10200,10057,1067,1037,27.2700,1,1,'2023-01-05 20:58:24',false,false);
INSERT INTO measure_values (id,dimension_id,product_id,part_op_id,value,result,measured_by,measured_at,is_final,has_ncr) VALUES (10201,10058,1067,1038,0.9940,1,1,'2023-01-06 21:05:22',false,false);
INSERT INTO measure_values (id,dimension_id,product_id,part_op_id,value,result,measured_by,measured_at,is_final,has_ncr) VALUES (10202,10059,1067,1038,0.8090,1,1,'2023-01-06 21:05:34',false,false);
INSERT INTO measure_values (id,dimension_id,product_id,part_op_id,value,result,measured_by,measured_at,is_final,has_ncr) VALUES (10203,10060,1067,1038,1.5000,1,1,'2023-01-06 21:05:54',false,false);
INSERT INTO measure_values (id,dimension_id,product_id,part_op_id,value,result,measured_by,measured_at,is_final,has_ncr) VALUES (10204,10148,1067,1038,0.0000,1,1,'2023-01-06 21:06:19',false,false);
INSERT INTO measure_values (id,dimension_id,product_id,part_op_id,value,result,measured_by,measured_at,is_final,has_ncr) VALUES (10205,10061,1067,1038,0.0600,1,1,'2023-01-06 21:06:32',false,false);
INSERT INTO measure_values (id,dimension_id,product_id,part_op_id,value,result,measured_by,measured_at,is_final,has_ncr) VALUES (10206,10062,1067,1038,45.0000,1,1,'2023-01-06 21:06:38',false,false);
INSERT INTO measure_values (id,dimension_id,product_id,part_op_id,value,result,measured_by,measured_at,is_final,has_ncr) VALUES (10207,10069,1067,1038,0.0000,1,1,'2023-01-06 21:06:48',false,false);
INSERT INTO measure_values (id,dimension_id,product_id,part_op_id,value,result,measured_by,measured_at,is_final,has_ncr) VALUES (10208,10070,1067,1038,0.0000,1,1,'2023-01-06 21:06:54',false,false);
INSERT INTO measure_values (id,dimension_id,product_id,part_op_id,value,result,measured_by,measured_at,is_final,has_ncr) VALUES (10209,10087,1067,1038,0.9940,1,1,'2023-01-06 21:07:19',false,false);
INSERT INTO measure_values (id,dimension_id,product_id,part_op_id,value,result,measured_by,measured_at,is_final,has_ncr) VALUES (10210,10088,1067,1038,0.0000,1,1,'2023-01-06 21:07:26',false,false);
INSERT INTO measure_values (id,dimension_id,product_id,part_op_id,value,result,measured_by,measured_at,is_final,has_ncr) VALUES (10211,10089,1067,1038,0.0000,1,1,'2023-01-06 21:07:31',false,false);
INSERT INTO measure_values (id,dimension_id,product_id,part_op_id,value,result,measured_by,measured_at,is_final,has_ncr) VALUES (10212,10146,1067,1038,0.0000,1,1,'2023-01-06 21:07:35',false,false);
INSERT INTO measure_values (id,dimension_id,product_id,part_op_id,value,result,measured_by,measured_at,is_final,has_ncr) VALUES (10213,10063,1067,1038,0.1900,1,1,'2023-01-06 21:07:46',false,false);
INSERT INTO measure_values (id,dimension_id,product_id,part_op_id,value,result,measured_by,measured_at,is_final,has_ncr) VALUES (10214,10064,1067,1038,1.5000,1,1,'2023-01-06 21:07:55',false,false);
INSERT INTO measure_values (id,dimension_id,product_id,part_op_id,value,result,measured_by,measured_at,is_final,has_ncr) VALUES (10215,10065,1067,1038,0.0050,1,1,'2023-01-06 21:08:33',false,false);
INSERT INTO measure_values (id,dimension_id,product_id,part_op_id,value,result,measured_by,measured_at,is_final,has_ncr) VALUES (10216,10066,1067,1038,0.0050,1,1,'2023-01-06 21:08:43',false,false);
INSERT INTO measure_values (id,dimension_id,product_id,part_op_id,value,result,measured_by,measured_at,is_final,has_ncr) VALUES (10217,10067,1067,1038,100.0000,1,1,'2023-01-06 21:09:03',false,false);
INSERT INTO measure_values (id,dimension_id,product_id,part_op_id,value,result,measured_by,measured_at,is_final,has_ncr) VALUES (10218,10068,1067,1038,100.0000,1,1,'2023-01-06 21:09:10',false,false);
INSERT INTO measure_values (id,dimension_id,product_id,part_op_id,value,result,measured_by,measured_at,is_final,has_ncr) VALUES (10219,10058,1067,1038,0.9960,1,1,'2023-01-06 22:27:28',false,false);
INSERT INTO measure_values (id,dimension_id,product_id,part_op_id,value,result,measured_by,measured_at,is_final,has_ncr) VALUES (10220,10059,1067,1038,0.8050,1,1,'2023-01-06 22:27:34',false,false);
INSERT INTO measure_values (id,dimension_id,product_id,part_op_id,value,result,measured_by,measured_at,is_final,has_ncr) VALUES (10221,10060,1067,1038,1.5000,1,1,'2023-01-06 22:27:40',false,false);
INSERT INTO measure_values (id,dimension_id,product_id,part_op_id,value,result,measured_by,measured_at,is_final,has_ncr) VALUES (10222,10148,1067,1038,0.0000,1,1,'2023-01-06 22:27:44',false,false);
INSERT INTO measure_values (id,dimension_id,product_id,part_op_id,value,result,measured_by,measured_at,is_final,has_ncr) VALUES (10223,10061,1067,1038,0.0000,1,1,'2023-01-06 22:27:48',false,false);
INSERT INTO measure_values (id,dimension_id,product_id,part_op_id,value,result,measured_by,measured_at,is_final,has_ncr) VALUES (10224,10062,1067,1038,0.0000,1,1,'2023-01-06 22:27:54',false,false);
INSERT INTO measure_values (id,dimension_id,product_id,part_op_id,value,result,measured_by,measured_at,is_final,has_ncr) VALUES (10225,10069,1067,1038,0.0000,1,1,'2023-01-06 22:27:59',false,false);
INSERT INTO measure_values (id,dimension_id,product_id,part_op_id,value,result,measured_by,measured_at,is_final,has_ncr) VALUES (10226,10146,1067,1038,0.0000,1,1,'2023-01-06 22:28:06',false,false);
INSERT INTO measure_values (id,dimension_id,product_id,part_op_id,value,result,measured_by,measured_at,is_final,has_ncr) VALUES (10227,10063,1067,1038,0.1900,1,1,'2023-01-06 22:28:13',false,false);
INSERT INTO measure_values (id,dimension_id,product_id,part_op_id,value,result,measured_by,measured_at,is_final,has_ncr) VALUES (10228,10064,1067,1038,1.5000,1,1,'2023-01-06 22:28:21',false,false);
INSERT INTO measure_values (id,dimension_id,product_id,part_op_id,value,result,measured_by,measured_at,is_final,has_ncr) VALUES (10229,10065,1067,1038,0.0000,1,1,'2023-01-06 22:28:26',false,false);
INSERT INTO measure_values (id,dimension_id,product_id,part_op_id,value,result,measured_by,measured_at,is_final,has_ncr) VALUES (10230,10066,1067,1038,0.0000,1,1,'2023-01-06 22:28:31',false,false);
INSERT INTO measure_values (id,dimension_id,product_id,part_op_id,value,result,measured_by,measured_at,is_final,has_ncr) VALUES (10231,10067,1067,1038,60.0000,1,1,'2023-01-06 22:28:36',false,false);
INSERT INTO measure_values (id,dimension_id,product_id,part_op_id,value,result,measured_by,measured_at,is_final,has_ncr) VALUES (10232,10068,1067,1038,60.0000,1,1,'2023-01-06 22:28:41',false,false);
INSERT INTO measure_values (id,dimension_id,product_id,part_op_id,value,result,measured_by,measured_at,is_final,has_ncr) VALUES (10233,10070,1067,1038,0.0000,1,1,'2023-01-07 22:26:30',false,false);
INSERT INTO measure_values (id,dimension_id,product_id,part_op_id,value,result,measured_by,measured_at,is_final,has_ncr) VALUES (10234,10087,1067,1038,0.9960,1,1,'2023-01-07 22:26:35',false,false);
INSERT INTO measure_values (id,dimension_id,product_id,part_op_id,value,result,measured_by,measured_at,is_final,has_ncr) VALUES (10235,10088,1067,1038,0.0000,1,1,'2023-01-07 22:26:39',false,false);
INSERT INTO measure_values (id,dimension_id,product_id,part_op_id,value,result,measured_by,measured_at,is_final,has_ncr) VALUES (10236,10089,1067,1038,0.0000,1,1,'2023-01-07 22:26:43',false,false);
INSERT INTO measure_values (id,dimension_id,product_id,part_op_id,value,result,measured_by,measured_at,is_final,has_ncr) VALUES (10237,10071,1067,1039,0.9850,1,1,'2023-01-10 13:04:23',false,false);
INSERT INTO measure_values (id,dimension_id,product_id,part_op_id,value,result,measured_by,measured_at,is_final,has_ncr) VALUES (10238,10072,1067,1039,0.3750,1,1,'2023-01-10 13:04:30',false,false);
INSERT INTO measure_values (id,dimension_id,product_id,part_op_id,value,result,measured_by,measured_at,is_final,has_ncr) VALUES (10239,10073,1067,1039,0.4980,1,1,'2023-01-10 13:04:40',false,false);
INSERT INTO measure_values (id,dimension_id,product_id,part_op_id,value,result,measured_by,measured_at,is_final,has_ncr) VALUES (10240,10074,1067,1039,1.5000,1,1,'2023-01-10 13:04:45',false,false);
INSERT INTO measure_values (id,dimension_id,product_id,part_op_id,value,result,measured_by,measured_at,is_final,has_ncr) VALUES (10241,10147,1067,1039,0.0000,1,1,'2023-01-10 13:04:50',false,false);
INSERT INTO measure_values (id,dimension_id,product_id,part_op_id,value,result,measured_by,measured_at,is_final,has_ncr) VALUES (10242,10075,1067,1039,24.0000,1,1,'2023-01-10 13:04:56',false,false);
INSERT INTO measure_values (id,dimension_id,product_id,part_op_id,value,result,measured_by,measured_at,is_final,has_ncr) VALUES (10243,10076,1067,1039,0.0000,1,1,'2023-01-10 13:05:01',false,false);
INSERT INTO measure_values (id,dimension_id,product_id,part_op_id,value,result,measured_by,measured_at,is_final,has_ncr) VALUES (10244,10077,1067,1039,0.0000,1,1,'2023-01-10 13:05:06',false,false);
INSERT INTO measure_values (id,dimension_id,product_id,part_op_id,value,result,measured_by,measured_at,is_final,has_ncr) VALUES (10245,10078,1067,1039,1.7500,1,1,'2023-01-10 13:05:12',false,false);
INSERT INTO measure_values (id,dimension_id,product_id,part_op_id,value,result,measured_by,measured_at,is_final,has_ncr) VALUES (10246,10079,1067,1039,0.8000,1,1,'2023-01-10 13:05:17',false,false);
INSERT INTO measure_values (id,dimension_id,product_id,part_op_id,value,result,measured_by,measured_at,is_final,has_ncr) VALUES (10247,10080,1067,1039,0.1500,1,1,'2023-01-10 13:05:23',false,false);
INSERT INTO measure_values (id,dimension_id,product_id,part_op_id,value,result,measured_by,measured_at,is_final,has_ncr) VALUES (10248,10081,1067,1039,0.0000,1,1,'2023-01-10 13:05:50',false,false);
INSERT INTO measure_values (id,dimension_id,product_id,part_op_id,value,result,measured_by,measured_at,is_final,has_ncr) VALUES (10249,10082,1067,1039,0.0000,1,1,'2023-01-10 13:05:56',false,false);
INSERT INTO measure_values (id,dimension_id,product_id,part_op_id,value,result,measured_by,measured_at,is_final,has_ncr) VALUES (10250,10003,1087,1007,3.9120,1,1,'2022-12-23 13:24:26',false,false);
INSERT INTO measure_values (id,dimension_id,product_id,part_op_id,value,result,measured_by,measured_at,is_final,has_ncr) VALUES (10251,10005,1087,1009,4.9240,1,1,'2022-12-24 15:01:12',false,false);
INSERT INTO measure_values (id,dimension_id,product_id,part_op_id,value,result,measured_by,measured_at,is_final,has_ncr) VALUES (10252,10017,1087,1011,0.0740,1,1,'2022-12-30 21:37:19',false,false);
INSERT INTO measure_values (id,dimension_id,product_id,part_op_id,value,result,measured_by,measured_at,is_final,has_ncr) VALUES (10253,10018,1087,1011,0.1250,1,1,'2022-12-30 21:37:25',false,false);
INSERT INTO measure_values (id,dimension_id,product_id,part_op_id,value,result,measured_by,measured_at,is_final,has_ncr) VALUES (10254,10019,1087,1011,0.0421,1,1,'2022-12-30 21:37:44',false,false);
INSERT INTO measure_values (id,dimension_id,product_id,part_op_id,value,result,measured_by,measured_at,is_final,has_ncr) VALUES (10255,10020,1087,1011,14.5000,1,1,'2022-12-30 21:37:51',false,false);
INSERT INTO measure_values (id,dimension_id,product_id,part_op_id,value,result,measured_by,measured_at,is_final,has_ncr) VALUES (10256,10021,1087,1011,0.0000,1,1,'2022-12-30 21:37:57',false,false);
INSERT INTO measure_values (id,dimension_id,product_id,part_op_id,value,result,measured_by,measured_at,is_final,has_ncr) VALUES (10257,10022,1087,1011,0.2500,1,1,'2022-12-30 21:38:03',false,false);
INSERT INTO measure_values (id,dimension_id,product_id,part_op_id,value,result,measured_by,measured_at,is_final,has_ncr) VALUES (10258,10023,1087,1011,0.1033,1,1,'2022-12-30 21:38:16',false,false);
INSERT INTO measure_values (id,dimension_id,product_id,part_op_id,value,result,measured_by,measured_at,is_final,has_ncr) VALUES (10259,10024,1087,1011,0.0000,1,1,'2022-12-30 21:38:23',false,false);
INSERT INTO measure_values (id,dimension_id,product_id,part_op_id,value,result,measured_by,measured_at,is_final,has_ncr) VALUES (10260,10030,1087,1011,45.0000,1,1,'2022-12-30 21:38:30',false,false);
INSERT INTO measure_values (id,dimension_id,product_id,part_op_id,value,result,measured_by,measured_at,is_final,has_ncr) VALUES (10261,10006,1087,1011,2.1230,1,1,'2022-12-30 21:38:39',false,false);
INSERT INTO measure_values (id,dimension_id,product_id,part_op_id,value,result,measured_by,measured_at,is_final,has_ncr) VALUES (10262,10007,1087,1011,5.7310,1,1,'2022-12-30 21:39:27',false,false);
INSERT INTO measure_values (id,dimension_id,product_id,part_op_id,value,result,measured_by,measured_at,is_final,has_ncr) VALUES (10263,10008,1087,1011,0.1900,1,1,'2022-12-30 21:39:38',false,false);
INSERT INTO measure_values (id,dimension_id,product_id,part_op_id,value,result,measured_by,measured_at,is_final,has_ncr) VALUES (10264,10009,1087,1011,6.1700,1,1,'2022-12-30 21:39:48',false,false);
INSERT INTO measure_values (id,dimension_id,product_id,part_op_id,value,result,measured_by,measured_at,is_final,has_ncr) VALUES (10265,10010,1087,1011,5.5710,1,1,'2022-12-30 21:40:01',false,false);
INSERT INTO measure_values (id,dimension_id,product_id,part_op_id,value,result,measured_by,measured_at,is_final,has_ncr) VALUES (10266,10011,1087,1011,45.0000,1,1,'2022-12-30 21:40:08',false,false);
INSERT INTO measure_values (id,dimension_id,product_id,part_op_id,value,result,measured_by,measured_at,is_final,has_ncr) VALUES (10267,10012,1087,1011,45.0000,1,1,'2022-12-30 21:40:15',false,false);
INSERT INTO measure_values (id,dimension_id,product_id,part_op_id,value,result,measured_by,measured_at,is_final,has_ncr) VALUES (10268,10013,1087,1011,0.0000,1,1,'2022-12-30 21:40:22',false,false);
INSERT INTO measure_values (id,dimension_id,product_id,part_op_id,value,result,measured_by,measured_at,is_final,has_ncr) VALUES (10269,10014,1087,1011,0.0000,1,1,'2022-12-30 21:40:29',false,false);
INSERT INTO measure_values (id,dimension_id,product_id,part_op_id,value,result,measured_by,measured_at,is_final,has_ncr) VALUES (10270,10142,1087,1011,0.0000,1,1,'2022-12-30 21:40:35',false,false);
INSERT INTO measure_values (id,dimension_id,product_id,part_op_id,value,result,measured_by,measured_at,is_final,has_ncr) VALUES (10271,10143,1087,1011,0.0000,1,1,'2022-12-30 21:40:40',false,false);
INSERT INTO measure_values (id,dimension_id,product_id,part_op_id,value,result,measured_by,measured_at,is_final,has_ncr) VALUES (10272,10015,1087,1011,0.0000,1,1,'2022-12-30 21:40:46',false,false);
INSERT INTO measure_values (id,dimension_id,product_id,part_op_id,value,result,measured_by,measured_at,is_final,has_ncr) VALUES (10273,10016,1087,1011,0.0000,1,1,'2022-12-30 21:40:51',false,false);
INSERT INTO measure_values (id,dimension_id,product_id,part_op_id,value,result,measured_by,measured_at,is_final,has_ncr) VALUES (10274,10144,1087,1011,0.0000,1,1,'2022-12-30 21:40:57',false,false);
INSERT INTO measure_values (id,dimension_id,product_id,part_op_id,value,result,measured_by,measured_at,is_final,has_ncr) VALUES (10275,10145,1087,1011,0.0000,1,1,'2022-12-30 21:41:02',false,false);
INSERT INTO measure_values (id,dimension_id,product_id,part_op_id,value,result,measured_by,measured_at,is_final,has_ncr) VALUES (10276,10025,1087,1012,0.3120,1,1,'2023-01-11 21:48:25',false,false);
INSERT INTO measure_values (id,dimension_id,product_id,part_op_id,value,result,measured_by,measured_at,is_final,has_ncr) VALUES (10277,10026,1087,1012,0.3800,1,1,'2023-01-11 21:48:37',false,false);
INSERT INTO measure_values (id,dimension_id,product_id,part_op_id,value,result,measured_by,measured_at,is_final,has_ncr) VALUES (10278,10027,1087,1012,0.7500,1,1,'2023-01-11 21:48:43',false,false);
INSERT INTO measure_values (id,dimension_id,product_id,part_op_id,value,result,measured_by,measured_at,is_final,has_ncr) VALUES (10279,10028,1087,1012,0.3800,1,1,'2023-01-11 21:48:51',false,false);
INSERT INTO measure_values (id,dimension_id,product_id,part_op_id,value,result,measured_by,measured_at,is_final,has_ncr) VALUES (10280,10029,1087,1012,0.1200,1,1,'2023-01-11 21:48:57',false,false);
INSERT INTO measure_values (id,dimension_id,product_id,part_op_id,value,result,measured_by,measured_at,is_final,has_ncr) VALUES (10281,10150,1087,1012,1.0600,1,1,'2023-01-11 21:49:06',false,false);
INSERT INTO measure_values (id,dimension_id,product_id,part_op_id,value,result,measured_by,measured_at,is_final,has_ncr) VALUES (10282,10025,1087,1012,0.3100,1,1,'2023-01-11 23:47:05',false,false);
INSERT INTO measure_values (id,dimension_id,product_id,part_op_id,value,result,measured_by,measured_at,is_final,has_ncr) VALUES (10283,10026,1087,1012,0.3800,1,1,'2023-01-11 23:47:10',false,false);
INSERT INTO measure_values (id,dimension_id,product_id,part_op_id,value,result,measured_by,measured_at,is_final,has_ncr) VALUES (10284,10027,1087,1012,0.7500,1,1,'2023-01-11 23:47:16',false,false);
INSERT INTO measure_values (id,dimension_id,product_id,part_op_id,value,result,measured_by,measured_at,is_final,has_ncr) VALUES (10285,10028,1087,1012,0.3800,1,1,'2023-01-11 23:47:21',false,false);
INSERT INTO measure_values (id,dimension_id,product_id,part_op_id,value,result,measured_by,measured_at,is_final,has_ncr) VALUES (10286,10029,1087,1012,0.1200,1,1,'2023-01-11 23:47:27',false,false);
INSERT INTO measure_values (id,dimension_id,product_id,part_op_id,value,result,measured_by,measured_at,is_final,has_ncr) VALUES (10287,10150,1087,1012,1.0600,1,1,'2023-01-11 23:47:35',false,false);
INSERT INTO measure_values (id,dimension_id,product_id,part_op_id,value,result,measured_by,measured_at,is_final,has_ncr) VALUES (10288,10003,1088,1007,3.9120,1,1,'2022-12-23 13:24:50',false,false);
INSERT INTO measure_values (id,dimension_id,product_id,part_op_id,value,result,measured_by,measured_at,is_final,has_ncr) VALUES (10289,10005,1088,1009,4.9280,1,1,'2022-12-24 15:53:56',false,false);
INSERT INTO measure_values (id,dimension_id,product_id,part_op_id,value,result,measured_by,measured_at,is_final,has_ncr) VALUES (10290,10009,1088,1011,6.1680,1,1,'2023-01-02 13:42:43',false,false);
INSERT INTO measure_values (id,dimension_id,product_id,part_op_id,value,result,measured_by,measured_at,is_final,has_ncr) VALUES (10291,10010,1088,1011,5.5710,1,1,'2023-01-02 13:43:20',false,false);
INSERT INTO measure_values (id,dimension_id,product_id,part_op_id,value,result,measured_by,measured_at,is_final,has_ncr) VALUES (10292,10017,1088,1011,0.0000,1,1,'2023-01-03 11:04:02',false,false);
INSERT INTO measure_values (id,dimension_id,product_id,part_op_id,value,result,measured_by,measured_at,is_final,has_ncr) VALUES (10293,10018,1088,1011,0.0000,1,1,'2023-01-03 11:04:05',false,false);
INSERT INTO measure_values (id,dimension_id,product_id,part_op_id,value,result,measured_by,measured_at,is_final,has_ncr) VALUES (10294,10019,1088,1011,0.0000,1,1,'2023-01-03 11:04:08',false,false);
INSERT INTO measure_values (id,dimension_id,product_id,part_op_id,value,result,measured_by,measured_at,is_final,has_ncr) VALUES (10295,10020,1088,1011,0.0000,1,1,'2023-01-03 11:04:11',false,false);
INSERT INTO measure_values (id,dimension_id,product_id,part_op_id,value,result,measured_by,measured_at,is_final,has_ncr) VALUES (10296,10021,1088,1011,0.0000,1,1,'2023-01-03 11:04:14',false,false);
INSERT INTO measure_values (id,dimension_id,product_id,part_op_id,value,result,measured_by,measured_at,is_final,has_ncr) VALUES (10297,10022,1088,1011,0.0000,1,1,'2023-01-03 11:04:18',false,false);
INSERT INTO measure_values (id,dimension_id,product_id,part_op_id,value,result,measured_by,measured_at,is_final,has_ncr) VALUES (10298,10023,1088,1011,0.0000,1,1,'2023-01-03 11:04:21',false,false);
INSERT INTO measure_values (id,dimension_id,product_id,part_op_id,value,result,measured_by,measured_at,is_final,has_ncr) VALUES (10299,10024,1088,1011,0.0000,1,1,'2023-01-03 11:04:25',false,false);

-- SEQUENCES
SELECT setval('parts_id_seq',(SELECT COALESCE(MAX(id),1) FROM parts));
SELECT setval('part_revs_id_seq',(SELECT COALESCE(MAX(id),1) FROM part_revs));
SELECT setval('routings_id_seq',(SELECT COALESCE(MAX(id),1) FROM routings));
SELECT setval('routing_revs_id_seq',(SELECT COALESCE(MAX(id),1) FROM routing_revs));
SELECT setval('part_ops_id_seq',(SELECT COALESCE(MAX(id),1) FROM part_ops));
SELECT setval('jobs_id_seq',(SELECT COALESCE(MAX(id),1) FROM jobs));
SELECT setval('products_id_seq',(SELECT COALESCE(MAX(id),1) FROM products));
SELECT setval('dimensions_id_seq',(SELECT COALESCE(MAX(id),1) FROM dimensions));
SELECT setval('measure_values_id_seq',(SELECT COALESCE(MAX(id),1) FROM measure_values));

COMMIT;
